:020000040020DA
:10000000084B00208D0220004BD8200049D820004A
:1000100049D8200049D8200049D82000000000001D
:1000200000000000000000000000000049D820008F
:1000300049D820000000000049D8200069E02000D5
:100040008BE0200091E0200097E020009DE0200060
:10005000000000006FE0200075E0200049D820007B
:1000600049D820000000000000000000000000004F
:10007000000000000000000049D82000000000003F
:10008000000000000000000049D8200049D82000EE
:1000900049D8200049D8200049D8200049D820005C
:1000A00049D8200049D8200049D8200049D820004C
:1000B00049D8200049D8200049D8200049D820003C
:1000C00049D8200049D8200049D8200049D820002C
:1000D00049D82000000000000000000000000000DF
:1000E0000000000000000000000000000000000010
:1000F00000000000000000002945200039452000D4
:1001000000000000000000000000000000000000EF
:1001100000000000000000000000000000000000DF
:1001200000000000000000000000000000000000CF
:1001300000000000000000000000000000000000BF
:1001400000000000000000000000000000000000AF
:10015000000000000000000000000000000000009F
:10016000000000000000000000000000000000008F
:10017000000000000000000000000000000000007F
:10018000000000000000000000000000000000006F
:10019000000000000000000000000000000000005F
:1001A000000000000000000000000000000000004F
:1001B000000000000000000000000000000000003F
:1001C000000000000000000000000000000000002F
:1001D000000000000000000000000000000000001F
:1001E000000000000000000000000000000000000F
:1001F00000000000000000000000000000000000FF
:1002000000000000000000000000000000000000EE
:1002100000000000000000000000000000000000DE
:1002200000000000000000000000000000000000CE
:1002300000000000000000000000000000000000BE
:1002400000000000000000000000000000000000AE
:10025000000000000000000000000000000000009E
:10026000000000000000000000000000000000008E
:1002700049D820001D44200035442000F93C2000CE
:10028000994620001D38200049D8200008B5094BA8
:10029000FF221A600848094A4824E3690849121AEB
:1002A00098470848084AA3690021121A984702F0A3
:1002B00073FFFEE7B4200D4040000020320A00200A
:1002C00058062100380A00200643002008B50DF02A
:1002D00081FD034B186005F061F9024B188008BDE1
:1002E000940B002020260020024B1888013080B299
:1002F0001880704720260020F7B5044601232160AE
:10030000037100230B700E46016800790A7842EAF7
:1003100080120A70206862790178120102F03002BE
:100320000A430270A27A206802F00F0102780A43A1
:1003300002702268A179517022892168120A8A709C
:1003400022682189D170A279002A00F040812246DA
:1003500052F80A5B0435A17A8B4205D212F8011FCC
:10036000013305F8011BF6E7E37C03F0020303F019
:10037000FF015BB194F86A30002100932A46012006
:1003800004F16B030DF028FB01210544E37C1A07FF
:1003900008D5236C2A4600930320636C0DF01CFBE8
:1003A00003210544E37CDB060AD594F824302A4671
:1003B0000093042004F125030DF00EFB04210544F5
:1003C000E37C9F0606D52A46052000230DF0D4FACB
:1003D00005210544E37C580606D52A460620636EAF
:1003E0000DF0CAFA0621054494F91330002B07DA00
:1003F0002A460720B4F850300DF0BEFA0721054414
:10040000237DDA070AD5A36C2A4600932F23019394
:100410000820E36C0DF0F0FA08210544237D1B074A
:100420000AD5E36D2A4600932F2301930B20236EF8
:100430000DF0E2FA0B210544237DDF0606D52A469E
:100440000C20A38B0DF098FA0C210544237D58064F
:1004500006D52A460E20236A0DF08EFA0E21054499
:1004600094F91430002B0CDAD4F894302A46009317
:10047000262301930F20D4F898300DF0BDFA0F21F8
:100480000544637D9A0707D52A461120B4F86830E1
:100490000DF072FA11210544637DDB060AD5636D08
:1004A0002A460093262301931420A36D0DF0A4FA8D
:1004B0001421054494F91530002B1CDA676F94F869
:1004C00078303F010BB147F00807B4F87A300020CC
:1004D0001B09421C5B0892B201D01046F9E7002AC2
:1004E00018BF024602F00F0317202A463B430DF0C7
:1004F00043FA17210544A37D1F071DD5D4F880704A
:1005000094F884303F010BB147F00807B4F8863007
:1005100000201B09421C5B0892B201D01046F9E78B
:10052000002A18BF024602F00F031B202A463B4355
:100530000DF022FA1B210544A37DD80607D52A46D3
:100540001C20D4F88C300DF017FA1C210544E37DF3
:100550001A0708D5236B2A4600932320636B0DF0FE
:100560003BFA2321054494F91730002B08DAA36BDA
:100570002A4600932720E36B0DF02EFA272105442D
:10058000A37EDB0606D52A463C20D4F890300DF039
:10059000F3F905442368EB1A3E2B11DCB4F89E30C6
:1005A00013B1FF2305F8013B2846D4F8A010B4F896
:1005B0009E200CF047FBB4F89E00AD1B284407E0DA
:1005C000044A054B0025256028461A6000E00420F7
:1005D00003B0F0BD40F92000680400202DE9F74386
:1005E0008846064600219146A4220CF08FFBC6F8EF
:1005F000008098F800309B09337198F80020012B97
:10060000C2F30112727198F8004004F00F07B7723C
:1006100098F80120B27198F8021098F8032042EA85
:100620000122328101D0A14A02E0082F04D9A04A58
:10063000A04B80201A6035E108F1040421463A46B7
:1006400006F10B000CF088FA06F1130000210822D5
:100650000CF05CFB3C44002708EB09039C4280F053
:100660002081257805F0F003F02B14D10134C4EB80
:100670000808C1441FFA89F9B9F1400F8ABF402325
:10068000A6F89E90A6F89E30B6F89E300020C6F8D8
:10069000A040E05406E12B090D2B05F00F0503D116
:1006A000637802340D330AE00E2B03BFA37862781F
:1006B00003F20D13013404BF03EB022303340D2DA9
:1006C00003D114F8015B0D3508E00E2D01BF6578EC
:1006D00005F20D1214F8025B02EB05251F4406EB30
:1006E000D70107F00703012202FA03F0CB7C0E2F9B
:1006F00043EA0003CB746CD029D8062F00F0AB80FE
:1007000017D8032F00F084800BD8974240F0C080A8
:100710002A46082D28BF082286F86A2006F16B00B9
:100720006DE0042F5BD0052F40F0B28086F89C204E
:10073000B5E0082F7DD06ED30B2F73D00C2F40F077
:10074000A780204629460DF083F8B083A7E01B2F31
:1007500000F0878026D8112F4AD009D80F2F40F0FB
:1007600097802623009306F1980006F1940166E035
:10077000142F69D0172F40F08B80204629460DF0AA
:1007800067F8C0F3C00300F0070286F87830102342
:100790009340A6F87A3020F00F0393400009F367E6
:1007A00070677CE0232F2ED008D81C2F70D12046F4
:1007B00029460DF04DF8C6F88C0070E0272F22D0A6
:1007C0003C2F65D1204629460DF042F8C6F890002E
:1007D00065E0204629460DF03BF830625FE02A468E
:1007E000082D28BF082286F8242006F1250006E0FF
:1007F000204629460DF02CF8A6F868004FE0214667
:100800000CF0AAF94BE02C4A2A4BA5201A6049E0CB
:100810007464356443E0204629460DF019F8A6F8C3
:1008200050003CE02F23009306F1600006F15C01CC
:1008300005E02F23009306F14C0006F14801224603
:100840002B460DF010F82AE02623009306F15800FD
:1008500006F15401F3E7204629460CF0F9FF7066D3
:100860001DE0204629460CF0F3FFC0F3C00300F062
:10087000070286F8843010239340A6F8863020F0D3
:100880000F0393400009C6F88830C6F8800006E0E0
:10089000FB0704D5094A074B82201A6002E02C446A
:1008A000DAE6002003B0BDE8F08300BF6FF9200056
:1008B00086F9200068040020ABF92000D2F920005E
:1008C000014B1860704700BF980B002010B50388DB
:1008D000044633B1B3F5B07F12D000230380032068
:1008E00010BD0E480E4900F049FF00F02FFA43F208
:1008F0001630FFF7EBFC4FF4B0732380012010BDDE
:10090000084B1B788B4204D1074B18680DF088FA0E
:10091000F1E78829EFD100F0BFFAECE7940400205A
:10092000EEF92000FC420020940B00200148002139
:1009300004F06CBD6C0400202DE9F04F9C4D0023A9
:100940002B709C4B87B01B788146990740F17881CA
:10095000994E9A4B9A4C316820461A88FFF73EFE12
:10096000B04607462870974E002840F00A81A379C8
:10097000013B032B00F2DF80934B944A1B7802F17A
:10098000080128332089D25A00F0EAF930600028A3
:1009900000F0CB8040234946ADF80A300397049716
:1009A00005970DF012FA637923B98948022145228F
:1009B000238905E0FFF798FC03468548012145227D
:1009C0000DF055F8A27A1AB1814882490DF084F8E9
:1009D00004AB00937A4803A900220DF10A030DF03D
:1009E0005DF940B1BDF80A30402B28BF4023ADF877
:1009F0000A30049B0593784BD3F800C0BCF1000F7C
:100A000000F08F803268724FDFF8B4B105A9009111
:100A1000BDF80A30584639467832E047BA460028D1
:100A20006ED02B78002B6BD19BF816301A070DD5A2
:100A300097F90630002B09DBBB7D1B0706D45C4B06
:100A4000A1221A70654A664B1A6059E094F9153074
:100A5000059A002B41DA049B9A4223D1BAF89E10E2
:100A60005B4F8A4205D38223BB7138465D490F2212
:100A700044E0BDF80A308A1A9A4294BF002201224B
:100A8000039938460DF023F90499B7F89E30BDF864
:100A90000A205B1AD7F8A0E09A423846714428BF72
:100AA0001A462BE001320399BDF80A3006D1BAF894
:100AB0009E209A4294BF0022012200E00122444F6E
:100AC00038460DF004F9BDF80A20BAF89E3093427A
:100AD00016D93846D7F8A01010E08AB1013218BFF5
:100AE000012200213A4840230DF0F1F8BAF89E2087
:100AF00037483F2ADAF8A01088BF40220DF052F99B
:100B00002B78002B3DD13768314807F13A01FFF7C8
:100B1000F3FB80B23887002833D1254BC1221A70ED
:100B20002FE0A1232B70304A02E0A3232F4A2B7021
:100B30002B4B1A6025E0636823F07F4323F0FF030B
:100B400013B9C3232B700CE06379032B09D11E4B1F
:100B50001E4A1B7802F108002833D15A228900F07E
:100B600039FA208900F08AF9306040B1076BD0F87B
:100B700034A000F01DF917B150461149B8470023C1
:100B800033602B780A4F306823B9002858D000F022
:100B900025F955E0C22B02D100F00AF950E000F02F
:100BA00007F93B78C32B23D100233B70032124E0BA
:100BB000D4290020383C0020443C0020CC390020BF
:100BC0004C0A00209C0B002093370020E0390020C5
:100BD000F00A0020570A0020980B0020FFF920009F
:100BE000680400200FFA20001FFA200030FA2000CD
:100BF000BF2B84BFA0233B7002212A78238912488F
:100C00000CF035FF114B124E1C6820460CF06EFAAA
:100C1000214602460C480DF0C5F80E4BD8F80040AE
:100C20001B782146283308489F5BFFF765FB80B29D
:100C3000009006F1080148463A4623460DF0D3F8E5
:100C4000287807B0BDE8F08F4C0A00206804002027
:100C5000E0390020933700202DE9F3411F46038837
:100C600004461646099D1BB1B3F5D07F32D04FE044
:100C7000314A03611268C3604260304A1370304ADF
:100C80001360304A1370FFF72FFB39462881BDF8F7
:100C9000202000F065F8A06000B331460DF095F813
:100CA000A368294A1A63A3685C63216921B12846B5
:100CB000002240230DF00BF8A668284606F13A0101
:100CC000FFF71AFB3087A06800F088F84FF4D07364
:100CD000238021E082291FD1E06818B900232380F6
:100CE000022025E0DFF8588000230093134A414694
:100CF0000CF0D4FFD8F8002023699A420ED10A9B49
:100D0000E06898472369013323610C4B1B7853B982
:100D10000023238003200BE0012009E0094A137817
:100D200001331370F1E7074B1B78032BF0D8AAE7C8
:100D300002B0BDE8F08100BF58130020D629002082
:100D4000480A0020D5290020C3DD2000024B1A6884
:100D5000024B1A60704700BF58130020A40B0020FC
:100D6000F8B507460F480D4616460DF0E6FA04465C
:100D7000A8B12946002303760B4B87801B6805F139
:100D80001002C36200F11A0351F8040B914243F8B8
:100D9000040BF9D16685054821460DF09CFA2046E2
:100DA000F8BD00BF7C040020940B0020A00B0020A5
:100DB00010B5044660B1083004F0ECF9214605484E
:100DC0000DF075FA2146BDE8104003480DF0C9BA90
:100DD00010BD00BFA00B00207C0400202DE9F341D2
:100DE0000446038F428D00F11A070093C06A39460A
:100DF00004F13A030CF0F7FF94F83A50C5F30115EB
:100E000075BB237E032B19D853B904F0C7FBC0234D
:100E1000B0FBF3F202FB130000F28110E06002E08D
:100E2000E3685B00E360134D134B2E681B6804F10D
:100E300008002B600DF0EEF92E6017E0266B3846A7
:100E4000618DD4F8348000F04DF82046FFF7B0FFF4
:100E500066B140462946334602B0BDE8F041184726
:100E6000204602B0BDE8F041FFF7A2BF02B0BDE8E6
:100E7000F08100BF58130020A40B002010B50446D9
:100E800004480DF00AFA20B18388A34201D000681B
:100E9000F9E710BDA00B002010B509480DF0FDF9D1
:100EA000044664B104F108000DF0BDF928B1237EB9
:100EB000204601332376FFF791FF2468F1E710BD48
:100EC000A00B002010B50446044821460DF049FA55
:100ED0002146BDE8104002480DF0E9B98804002021
:100EE000940F0020F8B506460C480F460DF0D5F9D2
:100EF000044600257CB104F11C00314610220BF0A1
:100F0000F9FD30B9A38DBB4203D12046FFF7DAFFCC
:100F100001352468EEE72846F8BD00BF940F002095
:100F20002DE9F84307461348884691461E460DF0C2
:100F3000B4F904460025D4B104F11C00394610224E
:100F40000BF0D8FD88B9A38D43450ED194F82E300F
:100F5000B3420AD104F12F00494632460BF0CAFDD4
:100F600018B92046FFF7AEFF01352468E3E72846AD
:100F7000BDE8F883940F00202DE9F8430746144894
:100F8000894690460DF089F904460025E4B14FB139
:100F900004F11C00394610220BF0ACFD90B9A38D72
:100FA0004B450FD1261D464508D030460CF09EF823
:100FB0004146024630460BF09DFD18B92046FFF72A
:100FC00081FF01352468E1E72846BDE8F88300BFCA
:100FD000940F00202DE9F04106460F480F46904639
:100FE0000DF05BF90446002594B104F11C00314674
:100FF00010220BF07FFD48B9A38DBB4206D1238F91
:10100000434503D12046FFF75DFF01352468EBE738
:101010002846BDE8F08100BF940F00202DE9F04183
:101020004668DAB0804630460D460CF05FF804465C
:10103000314603A813220CF0D1F8122C07DC35B18D
:1010400003AB18192946C4F113020CF0C7F80024A9
:10105000234608A8012145228DF81F400CF007FD0A
:1010600023460122214631A80CF001FD03A931A835
:101070000CF0A7FD03A80CF039F806462F480DF038
:101080000CF90446002C56D0251D28460CF02EF8ED
:10109000B04208D04DDDB8F80830DB0649D5A319B9
:1010A0001B792F2B45D103A8294632460CF04CF86A
:1010B00000283ED1FFF718F904F11C01A28DFFF7BB
:1010C0004FFE0546002834D0A1690CF07EFEE16B8E
:1010D000142391FBF3F203FB12130BB98DF82530A7
:1010E000AB8831A82387AB88D8F81070ADF82830CA
:1010F0000023009308A9402305F17802B8479DF921
:101100002630002B05DBE16B08A84B1CE3630CF0D9
:10111000BEFD04F12F0194F82E2008A80CF0DCFC91
:1011200008A805F13A01FFF7E7F828872846FFF7F6
:1011300055FE2468A6E75AB0BDE8F081940F002060
:101140002DE9F74F92468A790B46012A71D19AF917
:101150000620002A6DDBCA7C52066AD54E6E002E30
:101160004BD1354A354D1278D1F860C0283232F86B
:1011700005808F7AD1F85CB0624601F10B0905F168
:1011800008004146CDF804C0FFF7F6FE2C480DF0EC
:10119000D4F80446002841D0BBF1130FDDF804C099
:1011A000A8BF4FF0130B61465A4604300BF0D4FC35
:1011B000244BA3441B688BF8046004F11C0EA3614C
:1011C00005F108030FCB8EE80F0049463A46A4F814
:1011D0002C8084F82E7004F12F000BF0BDFC21460A
:1011E000268719480DF077F85046E16B4B1CE363F6
:1011F00003B0BDE8F04F0CF04ABD012E19D10E4AE4
:101200001249127801F108002832895A03F10B02C1
:101210009B7A03B0BDE8F04FFFF782BE50460C4901
:10122000A32310228AF8063003B0BDE8F04F0CF07B
:10123000B9BD03B0BDE8F08F93370020E03900203E
:1012400088040020940B0020940F0020E039002037
:1012500054FA20002DE9F04F89B00391002508A928
:1012600041F8045D00929846DDF848900CF0B9FC16
:10127000064608B33D2107980BF096FD83460BF810
:10128000015B079D044628460BF030FF013E361AED
:101290009A4928460BF0EEFD30B963782F2B04BF36
:1012A00004F1020B06F1FF36731E1BF803200292B5
:1012B00000220BF8032001E08346029000F078FA48
:1012C0000CF0EBFF002382461F461C461D4601938F
:1012D000BAF1000F00F0EA80002E58D0079B874932
:1012E000184604930BF0C6FD049BC0B9DAF804302D
:1012F0005946184604930CF0FDF80746002800F004
:10130000D2801BF8012C049B2F2A02D1984240F076
:10131000CA8038460BF0EAFE3B1801931BE0DAF86E
:101320000C00C0B1194604930CF0E4F807460028FD
:1013300000F0B980049B18460BF0D8FE3B5C3D2BB7
:1013400002D0222B40F0AF800230074438462221E1
:101350000BF02AFD0190384659460CF0CBF80028D6
:1013600000F0A180019B984200F29D80831913F840
:10137000013C029A934203D02A2A08D00130EBE7BD
:10138000029B2A2B03D0835D222B40F0B28055B103
:10139000D9F800309D4205D344453FBF009A2C2325
:1013A000135501340135D9F800309D4205D3444529
:1013B0003FBF009A3C2313550134D9F800206B1C21
:1013C000934205D344453FBF009A2F231355013460
:1013D000DAF804300235184604930BF087FED9F88A
:1013E000002000EB050C9445049B14D9C5EB020EBC
:1013F000009A08F101011019091BBEF1000FA8BFE6
:1014000073443F4ACDF810C00CF0CFFE044444456D
:10141000DDF810C04AD2D9F800309C4505D34445C8
:101420003FBF009A3E2313550134DAF80C300CF11B
:1014300001058BB31B787BB33B2B2DD0D9F8003043
:101440009D4205D344453FBF009A3B2313550134C9
:10145000DAF80C300CF1020C1846CDF814C00493E5
:101460000BF044FEDDF814C0D9F8002000EB0C05A9
:101470009542049B10D9CCEB020C009A08F10101B3
:101480001019091BBCF1000FA8BF63441C4A0CF0E3
:101490008CFE0444444505E0444504D9D9F80020B5
:1014A0002B1B934203D8DAF800A011E74CB1009946
:1014B000039822460CF076FC039828210CF023FBBD
:1014C00009E045B1822103980CF000FB03980D4917
:1014D0000F220CF067FCBAF1000F02D14FF0FF337E
:1014E00002E0D9F800304344C9F8003009B0BDE843
:1014F000F08F13F0DF0FD6D149E700BF65FA200067
:101500006AFA20000FFA20002DE9F743264E0F4615
:10151000984602A9002341F8043DB36C0446914665
:1015200098473346054608B1019921B99A6F1F4B78
:101530001A701F4A0AE0D4F888000A9B2A189A42B7
:1015400009D9D6F89420194B1A701A4A1A4B4FF041
:10155000FF301A6025E0B9F1000F0BD0B8F1000F91
:1015600008D02A4648440BF0F7FAD4F888301D44D6
:10157000C8F80050A37D1B0701D4002011E0B4F887
:1015800086303846D4F8801094F884200CF0D5FBCF
:1015900094F88430002BF0D038465F210CF096FA96
:1015A000012003B0BDE8F08330F52000D4290020ED
:1015B0006DFA200077FA20006804002070B50288D8
:1015C0000546C02A09D0D02A21D082B91B4B8521DB
:1015D000186803F0EFFEC02307E085290BD11848F7
:1015E0000CF05BFE044644B9D0232B8003E00023BB
:1015F0000380032070BD012070BDE3692BB1A16899
:1016000019B104F10C000CF0F3FD2468EBE7882914
:10161000EAD10B480CF041FE0446002CE4D0A3684C
:1016200053B104F10C0630460CF0FDFD20B1E36926
:10163000984730460CF0E5FD2468EEE7581300208B
:10164000980F00202DE9F04F3A4D87B00E4699468D
:1016500006A9002341F8043DEB6890460746DDF8F3
:1016600040A09847029034480CF017FE0446DDF87D
:1016700014B0002C51D06368184603930BF036FD6C
:10168000029B02468342039B07D044DD2189C906A1
:1016900041D51BF800102F293DD1184659460BF0B3
:1016A00053FD002837D12B6938469847C20704D527
:1016B000D4F810C0BCF1000F14D1830704D5D4F8BE
:1016C00014C0BCF1000F0DD1410704D5D4F818C0E7
:1016D000BCF1000F06D1020715D5D4F81CC0BCF12F
:1016E000000F10D04B46CDF800A038463146424698
:1016F000E04723895B0617D520462B6E39463246D4
:101700009847012005E06B693046D5F88C10984762
:10171000002001240AE02468ABE76B693046D5F865
:1017200088109847012001E001200446204007B0BE
:10173000BDE8F08F30F520009C0F002038B50A4B33
:101740001C7884B9094D012209481A700CF0A2FDD9
:10175000AB68084898476B6898472146BDE8384011
:10176000054803F053BE38BDDE29002030F52000C7
:101770009C0F002045162000B804002010B5044638
:101780004160094821460CF0A6FD23891B0609D5B6
:10179000216ACB6933B18B6823B1BDE8104003489F
:1017A0000CF099BD10BD00BF9C0F0020980F0020C9
:1017B000004870479C0F002008B5FFF7BFFF00F0FE
:1017C00089FA00F03FFF00F07FFDBDE808400148C6
:1017D0000CF088BC92FA20002DE9F7431F460388DD
:1017E000044616460B9DDDF8348013B1632B43D0BD
:1017F00068E03E4A03611268C36042603C4A43614C
:1018000013703C4A13603C4A1370FEF76DFD394675
:101810002881BDF82820FFF7A3FAA06000282FD068
:1018200031460CF0D2FAA368344A354E1A63A368E5
:1018300028465C632369A2689B013360E1680096D7
:10184000783240230C9FB8473268294B013218BFC9
:1018500001221A702169402328460CF06EFAA6680E
:10186000284606F13A01FEF747FD3087A068FFF7EA
:10187000B5FA6323238029E0822927D1E06828B9BB
:10188000012363610023238002202BE0DFF86490B2
:10189000002300931B4A49460CF032FAD9F8002085
:1018A00023699A4214D1B8F1000F01D0E068C04713
:1018B0002369013323610E4B1B7873B9003318BFC2
:1018C000012363610023238003200BE0012009E052
:1018D000094A137801331370EDE7074A1278032A97
:1018E000ECD892E703B0BDE8F08300BF58130020A6
:1018F000E1290020A40F0020DF290020C3DD200003
:10190000A00F0020E02900202DE9F04700248046A8
:1019100089469246264625460AEB05035B781AF867
:10192000057003EB0727BFB277B9002E0EDB01D09D
:10193000013620E008EB0400C4EB0901114A0CF069
:1019400034FC0126044416E0002E09DC55B108EBF6
:101950000400C4EB09010C4A0CF027FC044401E02C
:101960004FF0FF3608EB0400C4EB0901074A3B4681
:101970000CF01BFC04440235102DCDD12046BDE8EF
:10198000F08700BFC0FA2000C1FA2000C3FA20008F
:101990002DE9F047174686B04FF0FF328246894660
:1019A000BDF84080119C0592204E1BB1326A18464A
:1019B00005A990471E4D05982B68984700282CD004
:1019C0000CB1226800E022464146CDF8049002970F
:1019D000059BAF68CDF800A00F98B8476B68074625
:1019E0000598F6699847DFF8449001460E98B0478D
:1019F000D9F84C300E980F993A464CB19847226866
:101A00004244BA42A6BF4FF0FF332360226009E090
:101A10004745A8BF4246984704E073690E98D6F838
:101A20009010984706B0BDE8F08700BF30F5200061
:101A3000080500202DE9F047174686B04FF0FF3229
:101A40008046894603921E46194D1BB12B6A3046CB
:101A500003A99847DFF85CA00398DAF800309847AC
:101A6000E8B1AB6C304604A998470546049805AB2D
:101A70000193CDF80090DAF818604119039A4346B3
:101A80000B4CB04738B105982946B847636918B17F
:101A90000E98E16E07E063690E98A16F03E06B6931
:101AA0000E98D5F89010984706B0BDE8F08700BFB3
:101AB00030F5200008050020004870475010002035
:101AC00010B50446074821460CF005FC636804F194
:101AD0001A025968044802F02BFE01F02FFE6066DE
:101AE000012010BD50100020F4FA20002DE9F7432A
:101AF0000588044691461F460B9E15B1902D52D085
:101B00004DE0314BDFF8D8801B68056143602F4BF7
:101B1000C56045611D70C8F80050FEF7E5FB394609
:101B20003081BDF82820FFF71BF90746A06038B3C5
:101B300049460CF04AF9A368254A28461A63A36867
:101B400031465C63A3680C9D9B883381A268402367
:101B5000CDF800807832A847D8F800104B1C02D08E
:101B60001C4802F0E5FDA568304605F13A01FEF794
:101B7000C3FB2887A068FFF731F99023238014E086
:101B800015480CF0AFFA012363612780022018E0AA
:101B90000E4B1B78032B94BF0023012363610023AA
:101BA000238003200DE0822901D0012009E0E568AF
:101BB000002DEDD109480CF095FA012363612580D1
:101BC000E4E703B0BDE8F08358130020E2290020C9
:101BD000C3DD200025FB20007BFB200065FB2000EF
:101BE0006C100020F0B5038885B0AF2B04460E467C
:101BF0000ED0BA2B3DD0002B55D12E480CF072FAE6
:101C00002D4880210CF0F4FAAF23238001204FE00F
:101C100029480CF008FB08B9822EF5D127480CF0B2
:101C20003CFB274B1860264D29680029E8D001F1BC
:101C300044005C310CF06CF900282FD02F6801F0C3
:101C40007DFD2A68786653681E4859681A3202F08A
:101C50006FFD00210B4603221B480BF008FF29688B
:101C600019481A310BF0ADFF184B00221A80BA2325
:101C70002380134B15481B6831461A8B083352BA20
:101C800092B20092104A019253F8042C1269029207
:101C90000F4A1268FFF72AFF012808D9084B1A6873
:101CA00012681A60BFE700230380032000E00020D1
:101CB00005B0F0BDA1FB20007010002050100020E6
:101CC00080100020B3FB2000AC0F00205410002037
:101CD000940B002008B504480CF0DCFABDE808407D
:101CE0000248002103F092BB50100020C8040020DD
:101CF0002DE9F04F87B09B46109F002314460493B4
:101D00000122504B974281460D46BDF850A0159ECA
:101D10001A60039303DD01F011FD4B4B1860D6F8F8
:101D20000080B8F1000F5ED1C4F8008047480CF085
:101D300004FB286048B9129882210BF0C7FE129864
:101D400043490F220CF02EF879E0002F0CDD2168BA
:101D5000404B0844D3F80CC0C1F580714B46424655
:101D6000E0472368184420604FF00008B845226817
:101D70002BDA06A9002341F8083D5BF828002B6800
:101D8000C2F5807E0091D0F810C01A4411981FFA55
:101D90008EF31299E047304B05A912989B6C984737
:101DA000216808F101080144B8452160DEDA28689D
:101DB000284B0844D3F810C0C1F580714B4600226F
:101DC000E047236818442060D0E7002F0BDD286827
:101DD000204B10445F69C2F580714B460022B84722
:101DE000236818442060326823689A42A3DC02EB1F
:101DF0000A002968984211441298CCBF9A1A524698
:101E00000BF0D0FF134B48465B6898470146129889
:101E10000BF079FE336822685344934209DB4FF09C
:101E2000FF333360094829680CF09BFA00232B60CC
:101E300000E03360044A00231360039A136007B084
:101E4000BDE8F08F84100020A80F0020D8040020E7
:101E50000FFA20000805002030F520002DE9F04F92
:101E600087B0054610989B464FF0FF338946019294
:101E7000DDF84880BDF84C60149F059318B1854B80
:101E800005A91B6A9847059B5A1C02D0282B40F0D5
:101E9000F880002F00F0FB801BF001043AD03B6873
:101EA0002BB936B13C2388F80030012402E000242D
:101EB00000E034463B68012B05D8B4423EBF2F23D7
:101EC00008F8043001346B68184602930BF00EF9E1
:101ED0003A6800F1020A92450546029B0FD9A2F129
:101EE000020E711C08EB0400091BBEF1000FA8BF15
:101EF0007344694A0CF059F90444B4420CD23B686B
:101F00009A4505D3B4423EBF3E2308F8043001345D
:101F1000033502E0254600E00225A9F104094FF04F
:101F2000000A019B9A4580F28C804DB13B689D422E
:101F300005D3B4423EBF2C2308F8043001340135E8
:101F40003B689D4205D3B4423EBF3C2308F80430B1
:101F500001343A686B1C934205D3B4423EBF2F2331
:101F600008F80430013459F8043F02355B6818461C
:101F700002930BF0BBF83A6800EB050C9445029B0A
:101F800013D9C5EB020E711C08EB0400091BBEF14E
:101F9000000FA8BF7344404ACDF808C00CF005F903
:101FA0000444B442DDF808C04BD23B689C4505D3DD
:101FB000B4423EBF3E2308F8043001341BF0020F48
:101FC0000CF1010534D0D9F80030DB681B787BB305
:101FD0003B2B0BD03B689D4205D3B4423EBF3B2315
:101FE00008F8043001340CF1020C00E0AC46D9F8DA
:101FF0000030CDF80CC0DB68184602930BF076F881
:10200000DDF80CC03A6800EB0C059542029B0FD935
:10201000CCEB020C711C08EB0400091BBCF1000F97
:10202000A8BF63441C4A0CF0C0F80444B44204E066
:10203000B44203D93A682B1B934203D80AF1010A30
:102040006FE74CB14146119822460BF0ABFE119858
:1020500028210BF058FD09E045B1822111980BF0C1
:1020600035FD11980D490F220BF09CFE019B9A45FE
:1020700015BF3B684FF0FF33F6183B6018BF3E605A
:1020800005E0044B11985A69D3F89010904707B0B7
:10209000BDE8F08F30F520006AFA20000FFA20002A
:1020A0002DE9F04F89B0149C1E464FF0FF33834654
:1020B0008A469046DDF84890159DBDF85C70079300
:1020C00024B11A4B204607A91B6A9847079828286D
:1020D0000ED1169B8DE830000293189B0397049352
:1020E000404631464A46BDF84C30FFF7B7FE19E08E
:1020F0000F4B1B68984778B1169BCDF8009003935F
:10210000189B0194059302950497079859465246E7
:102110003346FFF7EDFD05E0044B28465A69D3F836
:102120009010904709B0BDE8F08F00BF30F5200057
:10213000080500202DE9F3410D463B49804617462E
:102140001E460AF097FE044670B93846314601AA89
:102150000BF068FE30B1019B23B16B602B6843F03C
:10216000010313E0314A54E0404631490AF082FE4F
:10217000044680B93846314601AA0BF053FE40B1FF
:10218000019B33B1AB602B6843F002032B60044624
:1021900046E0284A3DE0404627490AF06BFE0446E7
:1021A00070B908983946324601AB0BF073FE28B17E
:1021B000019BEB602B6843F00403E7E71F4A28E02C
:1021C00040461F490AF056FE044670B90898394641
:1021D000324601AB0BF05EFE28B1019B2B612B68F0
:1021E00043F00803D2E7174A13E0404616490AF0C5
:1021F00041FE044680B908983946324601AB0BF0DF
:1022000049FE28B1019B6B612B6843F01003BDE7C9
:102210000E4A0F4B1A6003E00E4A0D4B00241A6061
:10222000204602B0BDE8F081CFFB2000D4FB2000A7
:10223000E4FB2000E9FB2000F9FB2000FCFB200070
:1022400013FC200016FC20002BFC20002EFC20009C
:102250006804002046FC200070B50388064623B1C0
:1022600040F2191293421CD025E015480CF015F8E5
:10227000044694B104F128052846E368984704F120
:10228000100029460BF044FE28B101F057FA6368AC
:1022900020631B6A98472468EBE70A4880210BF00B
:1022A000A7FF08480BF0BFFF0028DED140F219134A
:1022B0003380012070BD00230380032070BD00BF68
:1022C000881000208C10002008B504480BF0E2FFB5
:1022D000BDE808400248002103F098B888100020AB
:1022E000E4040020F8B5069C194622680746124807
:1022F0001D4602F01DFA114A2168136816469942DC
:1023000003DB0F4802F014FA11E04A199A42C4BFE5
:102310005B1A9DB20B4B2A461B68384619440BF0DA
:1023200041FD23681D44336825609D4202DB4FF068
:10233000FF332360F8BD00BF7AFC2000CC100020E2
:1023400095FC2000F404002070B5028886B0A92A0C
:1023500004460D4635D00DD89B2A79D0A52A13D036
:10236000002A40F0DD80714B8521186803F022F8C7
:102370009B2396E0B72A00F09680C12A00F0BD802A
:10238000B32A40F0CD804DE0694B6A4A198881B983
:10239000598871B9998861B9D98851B9198941B9F0
:1023A000598931B9998921B9DB8913B91370A523EA
:1023B00077E002236048802113700BF019FFA923F6
:1023C0006FE05D480BF02FFF002873D05B4802F0F0
:1023D000AFF9574806F02EFF594E5A4B326819880C
:1023E000594802F0A5F900210B46022257480BF08C
:1023F0003EFB574955480BF0E4FB564A3C235649EF
:10240000564802F0B9F9554950480BF0F5FB544BCA
:102410004E481A6831680BF0C5FC524B00221A80F6
:10242000B3232380474B4F481B8829465BBA9BB296
:102430000093464B01934C4B02934C4B03934C4BF4
:102440001A683B4BFFF7C8F901281CD800206AE046
:1024500085292FD147480BF045FE474988780A78EF
:102460004B780090C87801900879029048790390E1
:1024700088790490C97937480591404902F07CF980
:102480003F4B00221A703F4B1B78002B3FF47CAF70
:10249000284B032228484FF4D8511A700BF0A8FE9D
:1024A000B723238006E024480BF0BDFE344B18B957
:1024B0001A780AB9012036E0324A1E7800211170DC
:1024C000002EDDD13049314802F032F93346032283
:1024D0001E4831460BF0CBFA2B491C480BF071FB20
:1024E0002B493C221D4802F047F918481B490BF0C4
:1024F00083FB284B1E80C1232380124B25481B8859
:1025000029465BBA9BB20093104B0193224B029376
:10251000174B1A68064BFEF79FFB0128B0D895E7CA
:1025200000232380032006B070BD00BF5813002095
:1025300024260020322D0020D0100020E2FC2000B4
:10254000F404002022260020F2FC2000E0100020ED
:10255000FFFC20002A2C002002FD20006A2C002015
:10256000CC100020B4100020E5222000D925200046
:10257000940B0020A8FC2000D8390020BAFC2000D1
:10258000282C0020292C0020E72B002012FD200001
:1025900008FD20009C1000209D25200008B570B18A
:1025A0008179442906D108480BF09CFD074B012294
:1025B0001A7008BD0648BDE8084002F0B9B80548E1
:1025C000BDE808400BF08EBD26FD2000292C002020
:1025D0002EFD20004AFD200037B510B38179412936
:1025E00019D102A9002541F8045D0BF017FB041E68
:1025F0000FDD0E4B2246184601990AF0ADFA03464C
:10260000055519460A4802F093F80A4B01221A7040
:102610000AE0094806E05F2906D0084802F088F879
:1026200002E007480BF05EFD03B030BDE72B002051
:1026300062FD2000292C002079FD20002EFD2000C5
:102640004AFD200041F23362074B00211980598076
:102650009980D980198159819981D981034B044886
:102660001A8002F0D3BE00BF2426002022260020BC
:10267000F8040020421C06D0044BD3F8B430C31A2F
:102680005842584170470120704700BF30F5200084
:10269000014BD3F8B400704730F52000F0B587B097
:1026A0000D460C99064614460E9B062952D8DFE8C3
:1026B00001F00404080F1A25410002A81021284A3D
:1026C00002E0284A02A810211B680BF06EFD24E0EE
:1026D0001F680A23B7FBF3F203FB127202A80092F1
:1026E0001021214A15E01F686423B7FBF3F203FBB6
:1026F000127202A8009210211C4A0AE01F684FF4CF
:102700007A73B7FBF3F203FB12720092184A02A825
:10271000102197FBF3F30BF048FD02A80AF0E6FC4A
:10272000A0421ADD02AB3046691C124A002CA8BF39
:102730001B190CE01F6838460AF0D8FCA0420CDDDB
:102740003046002CACBF3B193B1C0A4A691C0BF0FD
:102750002CFD03E0084801F0EBFF002007B0F0BDBE
:10276000A6FA20009BFD2000AAFA2000B0FA200063
:10277000B8FA20006AFA20009FFD200008B51B4827
:102780001B49FEF7FBFF1B481B49FEF7F7FF1B48E1
:102790001B49FEF7F3FF1B481B49FEF7EFFF1B48E1
:1027A0001B49FEF7EBFF1B481B49FEF7E7FF1B48E1
:1027B0001B49FEF7E3FF1B481B49FEF7DFFF1B48E1
:1027C0001B49FEF7DBFF1B481B49FEF7D7FF1B48E1
:1027D0001B49FEF7D3FF1B481B49FEF7CFFF00F054
:1027E00047FABDE8084000F097BC00BF180600207B
:1027F000BDFD200088050020C1FD2000F40500205B
:10280000C9FD200024050020D1FD20003C06002049
:10281000DCFD200048050020E7FD2000D005002059
:10282000EFFD2000AC050020F8FD2000CC060020C4
:1028300003FE20006006002011FE20008406002018
:102840001FFE2000A80600202DFE200030B5054602
:1028500087B0084806AC44F8040D8DE80E000A9BCA
:1028600006200393044922462B46FFF791F807B050
:1028700030BD00BF3BFE2000C5FD200030B5054641
:1028800087B0084806AC44F8040D8DE80E000A9B9A
:1028900006200393044922462B46FFF779F807B038
:1028A00030BD00BF3EFE200047FE200030B505468B
:1028B00087B0084806AC44F8040D8DE80E000A9B6A
:1028C00006200393044922462B46FFF761F807B020
:1028D00030BD00BFBA002100D9FD200030B505464B
:1028E00087B0084806AC44F8040D8DE80E000A9B3A
:1028F00006200393044922462B46FFF749F807B008
:1029000030BD00BF4DFE2000E4FD200030B505467F
:1029100087B0084806AC44F8040D8DE80E000A9B09
:1029200006200393044922462B46FFF731F807B0EF
:1029300030BD00BFBA00210066FE2000F0B587B0B0
:102940000F4616461D46044600F0F8FE0C9B06AAEC
:1029500042F8040D05490393009701960295022061
:102960002346FFF715F807B0F0BD00BFF3FD2000C8
:10297000F0B587B00F4616461D46044600F0DEFE51
:102980000C9B06AA42F8040D054903930097019693
:10299000029502202346FEF7FBFF07B0F0BD00BF03
:1029A000FCFD200010B588B005930A9B4FF0000E87
:1029B000072402900391049206938DE81040044886
:1029C0000449054A054BFFF76BFB08B010BD00BF7B
:1029D0008411002088110020180600206C050020BA
:1029E00030B5054687B0084806AC44F8040D8DE8BC
:1029F0000E000A9B06200393044922462B46FEF74D
:102A0000C7FF07B030BD00BF9CFF20000DFE2000B7
:102A100030B50546084887B0006806AC44F8040D98
:102A20008DE80E000A9B06200393044922462B469C
:102A3000FEF7AEFF07B030BDD8F720001BFE200028
:102A400030B50546084887B0006806AC44F8040D68
:102A50008DE80E000A9B06200393044922462B466C
:102A6000FEF796FF07B030BDCCF7200029FE20000E
:102A700030B5054687B0084806AC44F8040D8DE82B
:102A80000E000A9B06200393044922462B46FEF7BC
:102A90007FFF07B030BD00BFA5FF200037FE20003C
:102AA000054A06490023136053600B60044B1A6FFC
:102AB000044B1A70704700BFBC3900208C110020F5
:102AC00030F52000D42900202DE9F0411E468AB0BF
:102AD0004FF0FF330C461746109D0993804618B1FE
:102AE0001C4B09A91B6A98470999282911D1194B30
:102AF0002046DB699847184BCDF800800194029777
:102B0000039604951A68154815490023FFF7A6F99E
:102B10001CE0144B08461B68984788B10E4B1248BE
:102B20001B681249009300230193CDF80880039499
:102B3000049705960695094A094BFFF7B1FA05E097
:102B4000044B20465A69D3F8901090470AB0BDE86C
:102B5000F08100BF30F520008C110020F00600202D
:102B6000BC39002008050020342E002090110020E0
:102B70002DE9FF4140F20113324E334C00933246AF
:102B80002346FEF7C1FC002858D123683546044689
:102B900002AF0290F05478602A782AB3022C23D036
:102BA000B54204D92C2A05F1010301D01BE02B46C4
:102BB0005D1C1B783C2B17D128463E210AF0F4F807
:102BC00090B10023037000F1010828460BF081F951
:102BD00047F8240010B101344546DDE729461B487B
:102BE00001F0A6FD00E01D462B7853B12A46184897
:102BF000A91B01F09DFD174B9A6F174B1A70174ACE
:102C00000AE0174A13681819022808DD114BD3F897
:102C10009020114B1A70134A134B1A600EE00CB936
:102C200010600BE01149029D022C41F8235003F182
:102C30000103F5D1039C41F82340F1E704B0BDE85E
:102C4000F08100BF332D0020941100205500210099
:102C50006B00210030F52000D429002088002100DD
:102C60008C1100209800210068040020BC3900204D
:102C700001480249FEF782BDF00600206BFE2000ED
:102C800010B5FEF719FF0BF008FB044654B10A48D3
:102C900021460BF07CFB18B1074821460BF061FB85
:102CA0002468F3E7FEF708FF0BF0F4FA034B1A6F02
:102CB000034B1A7010BD00BF3807002030F520000C
:102CC000D42900202DE9F04F85B0DDF838809A46F0
:102CD0004FF0FF3389460393B8F1000F00F0C08036
:102CE000614C40B9E369484628219847D8F800303C
:102CF0005E4FABB90DE0236A03A998470028F1D0D5
:102D0000039B282BEED063694846D4F8901098476F
:102D1000A6E03B60FEF7D0FE0BF0BFFA05467DB99A
:102D2000D8F800203B689A4240F3858048468221CB
:102D30000AF0CCFE48464E490F220BF033F88FE0E4
:102D40003B685A1EFF2A9EBF4849581C0860494AE2
:102D50003E6898BF2C2102EB060BC6F5807606F183
:102D6000010698BFD15458463146434A0BF01DFA2C
:102D7000044605F10802311B5844FEF7C5FD044422
:102D80000BEB0400311B3D4A0BF00FFA41F23362AA
:102D90002B8B0444934206D00BEB0400311B384AC2
:102DA0000BF003FA04446B680BEB04005B68311B07
:102DB0000093344A05F11A030BF0F7F96B6C0444E5
:102DC000DB0707D50BEB0400311B2F4AAB6C0BF074
:102DD000ECF904446B6C980707D50BEB0400311B2E
:102DE0002A4AEB6C0BF0E1F904446B6C590707D5E8
:102DF0000BEB0400311B264A2B6D0BF0D6F9044473
:102E00006B6C1A0707D50BEB0400311B214A6B6D65
:102E10000BF0CBF904446B6CDB0607D50BEB04001D
:102E2000311B1D4AAB6D0BF0C0F904443B682D68A3
:102E30001C443C6073E702EB0A000E4998421144BF
:102E40004846CCBF9A1A52460AF0ACFFD8F8003078
:102E50003A6853449342A8BF4FF0FF33C8F800309C
:102E600005B0BDE8F08F00BF30F5200068120020EB
:102E70000FFA200038300020BC002100C6002100DD
:102E8000C8002100CC002100C6FA2000D1FA2000A1
:102E9000F8002100010121000A0121002DE9F04F75
:102EA000074687B08A480E460BF07FFA002840F3A9
:102EB000018140F20113874C874D0093314638461B
:102EC00022462B46FEF720FB0646002840F0FD80F8
:102ED0002B68E0547E480BF030FA314668220746F2
:102EE00009F014FF20467D4908220AF02DF9054615
:102EF000002840F0AF80237A5B2B06D04FF0000B08
:102F00005E465D46DFF80CA2B0E004F1080007F170
:102F100008010BF021FB0028F0D004F108005D212E
:102F200009F042FF002800F0CE804378821C3A2B43
:102F30000FD110462F21924609F036FF002800F0ED
:102F40008F80441C0570504609F086FDA2463883E8
:102F500084E041F233633B83437892462F2B7DD14B
:102F600010463E2109F020FF002879D0441C05704E
:102F7000514607F11A000AF05BF8AB462E46A2460E
:102F800001249AF80030002B58D0002C56D03B2B4F
:102F90000AF1010A52D150463D2109F005FF814650
:102FA00000284BD08046002308F8023B4178059367
:102FB000222943D1404609F0F7FE0390034600283A
:102FC0003CD001330493059B45490370504609F0FA
:102FD00051FF20B94046434909F04CFF38B35046F1
:102FE000414909F047FF68B999F802302F2B08BF13
:102FF00009F1030840460AF06CFF0028786018BF0A
:10300000012618E05046394909F034FF20B94046FE
:10301000374909F02FFF60B102230093504607F1B2
:1030200044014246039BFFF785F8044603E001256F
:1030300001E04FF0010BDDF810A0A2E79AF8003094
:1030400093B98DB186B1BBF1000F0FD07CB10125D2
:103050002C460CE0B346A2465D4607E0AB4600E0D6
:1030600083465E465D4601E0002400E05C469AF837
:1030700000300BB11F4A09E00DB91F4A06E0BBF151
:10308000000F01D11D4A01E016B91D4A1D4B1A60FF
:103090002CB1384607B0BDE8F04FFEF711BD3946F8
:1030A000194B0B489A6F194B1A7007B0BDE8F04FD7
:1030B0000BF057B9144BD3F89020144B1A70144AE4
:1030C000104B1A6001E00378FFDE07B0BDE8F08F17
:1030D00038070020372F00206C1200201301210038
:1030E0001C01210020012100740121002801210080
:1030F0002D0121005EFC200032012100430121004E
:10310000630121006804002030F52000D42900204C
:103110007B0121003F2F002008B504480BF0FDF88B
:10312000BDE8084002480349FEF728BB38070020E5
:10313000140700208C01210008B500F019F8024B9B
:1031400000221A7008BD00BF39310020024A1378EE
:103150001843107000F01AB839310020034A137870
:1031600023EA0000107000F011B800BF39310020D0
:10317000024A136843F00F031360704700B40D4018
:10318000014B1868C0B270473CB00D40014B18604D
:10319000704700BF3CB00D40F7B500F099FC00F05F
:1031A0003DFD00F0D7FC00F097FA01F063FA0BF058
:1031B00048F800F02BFDFFF7BFFF02200AF008FFE0
:1031C00002F07EF800F070FC00F000FA002000F041
:1031D0007FFB012000F07CFB4D49002000F04EFCFD
:1031E00002F0CAF90AF049FF04200AF0F1FE49484A
:1031F0000AF078FF48480AF075FF484801F098FA4D
:10320000474B484C18680AF06DFF474801F090FAA8
:10321000464B002518680AF065FF454801F088FA1A
:10322000444B18680AF05EFF434801F081FA1A2106
:10323000424801F07DFA424801F07AFA4AF6CD316F
:10324000404801F075FA002002F0B8F901F006F9E3
:103250003D48002102F0DAF801F074FE68460821CA
:1032600001F02CFA9DF807309DF8067043EA072715
:103270006B4603CB20606160344801F059FA615D10
:103280003348013501F054FA072D264EF7D1314D60
:10329000F179314801F04CFAEC6A4AF6CD3102205E
:1032A000A04739460320A0471A210120A0476946BC
:1032B0006B6B08220B20984700F040FD00F05CFD8E
:1032C00007F07EFE254A336813607368536007F089
:1032D000B3FF2348002102F099F800F0C1FC00215F
:1032E000204802F093F80AF082FF1F480AF075FFA9
:1032F00000F0E0FB08200AF06BFE00F0E1FB01F0BB
:10330000F7FF10F0FF0FF8D101F04CF9F5E700BF1F
:10331000355520004DFE2000A5012100BD012100F2
:10332000CCF72000FE420020C4012100D8F7200085
:10333000CB01210000F82000D201210046FD200031
:10334000DD012100E7012100A4070020EB0121009D
:103350000902210004F720000F022100D8390020C3
:10336000400800204407002030F8200070B5058890
:103370000446772D30D07E2D3FD0002D4DD101F069
:1033800097FF294B1870294B1D601D462B68284A52
:10339000264E52F823204AB126480021C154936892
:1033A00080209847336801333360EFE7224A137077
:1033B000772320E01F4AD256002A12DB1B4A1368EB
:1033C00001331360194B1C4A1B6812789342F1DBDE
:1033D0001A4B1B68002BEBD0184A00231360134ACA
:1033E000EFE7114A00201178114A52F8232001F02A
:1033F000E1FF30B97E23238013E00B4B1B788B4217
:103400000FD10A4B0B491A688B5C03F07F038B5476
:103410000A4A136801331360D0E7002303800320B6
:1034200070BD012070BD00BFE64200207012002078
:1034300054070020E74200203A3100207412002097
:10344000094B1A780023934204DA084951F82310F3
:10345000814207D106490748CA5C62F07F02CA541C
:1034600001F0ECBF0133EEE73A31002054070020B1
:10347000E74200204407002008B5094808210AF067
:10348000D1FD03210422002000F0D6FB002000F033
:103490003DFB04480021032200F070FB012008BD21
:1034A00000900D406935200008B5094810210AF048
:1034B000B9FD04210A46022000F0BEFB022000F004
:1034C00025FB04480221042200F058FB012008BD1E
:1034D00000B00D406935200008B5094820210AF0E8
:1034E000A1FD05210422022000F0A6FB022000F02D
:1034F0000DFB04480221052200F040FB012008BD1D
:1035000000B00D406935200008B5094840210AF097
:1035100089FD06210422022000F08EFB022000F02B
:10352000F5FA04480221062200F028FB012008BD1C
:1035300000B00D406935200008B5094880210AF027
:1035400071FD07210422022000F076FB022000F02A
:10355000DDFA04480221072200F010FB012008BD1B
:1035600000B00D406935200038B5054611480C46BD
:103570000AF082FEE8B10F4810210AF06BFE1DB977
:10358000032C16D10C4810E0022D12D1042C01D1CD
:103590000A480AE0052C01D1094806E0062C01D1B1
:1035A000084802E0072C04D10748BDE83840FFF77F
:1035B00047BF38BD781200203CF620005CF62000A2
:1035C0006CF620004CF620007CF62000014800211B
:1035D0000AF040BE7812002010B5074CFF2323608C
:1035E0004FF4FA6000F0B4F800213022062000F019
:1035F0003FFB0023236010BD00920D40802870B572
:103600001ED1104E104D3368002423F08003336028
:103610002B68204643F080032B600C4B07211C6075
:10362000224600F009FB3368204623F04003336054
:103630002B68062123F040032B60012200F0FCFAE6
:10364000002070BD20940D4000940D4000920D406C
:1036500001280CBF014B024B18687047C439002089
:10366000C8390020812803BF024B012019600020C7
:10367000704700BF80120020813801289ABF024B9A
:1036800018680020704700BF80120020F8B500F0D5
:1036900083F80F4B0024D3E900673A46B04238BFA5
:1036A0007A1C15460443C3E90045DFF828E0DEE94B
:1036B0000001821B61EB070312196B41CEE9002365
:1036C00001F060FD18B1BDE8F84001F0EBBCF8BDB9
:1036D000380A0020400A00200F4B104A1A6053F8A5
:1036E000042C42F0050243F8042C53F8042C42F059
:1036F000020243F8042C0A4A136843F001031360E2
:10370000084B00221A60042243F80C2C012243F8D3
:10371000082C0F22DA62704714E000E047E801004D
:1037200008200D400C000340034BD3E90023100A8E
:1037300040EA0360704700BF380A0020034BD3E91A
:103740000023D00B40EA4340704700BF400A0020EE
:10375000054B18601C3B1A6842F001021A601A6897
:10376000D207FCD4704700BF2800034010B5064CB8
:10377000236823F001032360FFF788FF236843F0E9
:103780000103236010BD00BF10E000E0014B18688A
:10379000704700BF84120020074B084A19680433A1
:1037A0001B681268120442EA0323054A0B4310689F
:1037B00043EA0060704700BF40500D4048500D4044
:1037C0004C500D4010B50446114B1B68DB07FBD570
:1037D0000AF057FCFFF7E0FF231A062BD8BFC41DE1
:1037E0000C4B220E1A60C4F3074243F8042CC4F3B6
:1037F000072243F8082CE2B243F80C2C0AF03DFCF7
:10380000054B91201C60BDE8104000F07FB900BF5F
:1038100050500D404C500D408412002008B500F06F
:10382000A7FE064B002291201A6000F087F9912034
:1038300000F078F9BDE8084001F00CBE84120020C9
:103840000023084A1068084A9958084205D01A44CB
:10385000D268906910F0800003D02C33582BF0D13F
:103860000120704728200D40ACF62000164A38B5DC
:103870002C2303FB00234FF6BF72DC680546236C44
:1038800062649BB213F050020DD0A369DB0609D429
:103890000E4B53F825301BB12068C0B29847F4E7AF
:1038A0002368F2E738BD13F4D06F0BD04FF44073A8
:1038B0002363FF236360E36AE262E362236B43F006
:1038C0000103236338BD00BFACF62000881200203E
:1038D0002DE9F04F012885B0064600F2BF802C2468
:1038E0004443604B1D1995F920A005F12007BAF15A
:1038F000000F9946C0F2B28095F92230002BC0F239
:10390000AD80594800F0A6FE584A59F804301168B5
:10391000EC680B43136051686B6895F921B00B4359
:1039200053609168AB6895F822800B439360002345
:10393000C4F8C83F2B690BEBCA021A6095F8233014
:103940005FFA88FC01939DF80430604619462A7D91
:10395000CDF80CC0029300F079F9029BDDF80CC0A1
:1039600019466046082200F067F94FFA88F8404986
:103970004FEA08389DF9042058F80100012303FAA2
:1039800002F2024348F801204FEA0A3A5AF80100CD
:1039900003FA0BF202434AF801205022A263A26B01
:1039A00095F8240042F4D062A263022262634FF4CD
:1039B00040722263AA696262EA69A2627022E262CC
:1039C00042B2002A0C4614DB95F92510294D41EA34
:1039D000C20129607979120315594FB2BB402B43BC
:1039E0001351002200F028F9234A136843F40043DE
:1039F00013602C2303FB069393F8265020336FB2F9
:103A0000002F1CDB93F807A0EDB25FFA8AF8284676
:103A1000414601223F0300F019F94FFA8AFA3A5958
:103A2000012303FA0AF313433B5108222846414677
:103A300000F002F9104A136843F4804313602C230A
:103A400003FB0696F26896F82800136B43F0010317
:103A5000136305B0BDE8F04F00F058B805B0BDE8FD
:103A6000F08F00BFACF620004138200028200D4028
:103A700020940D4004410D4030D0004001289CBFEF
:103A8000014B43F82010704788120020012808D805
:103A9000044B2C2202FB0030C3689A699206FCD4C6
:103AA00019607047ACF62000014B00221A60704785
:103AB00000500D40014B08221A60704700500D4025
:103AC000024BA0221A6050221A60704700500D402D
:103AD000074A084B1A60084B80321A60074B803245
:103AE0001A60074B80321A60064B074A1A6070470B
:103AF00000E100E09C1200209012002094120020AF
:103B00009812002008ED00E000002000044B41095D
:103B10001A6800F01F000123834042F821307047EB
:103B20009C120020044B41091A6800F01F00012379
:103B3000834042F82130704790120020044B410925
:103B40001A6800F01F000123834042F821307047BB
:103B500098120020054A064B1A60064B1A68064B5D
:103B60001340B3F1807FF8D1704700BF010102011B
:103B700000200D4004200D4000000101024B02EB2B
:103B8000C10243F822007047A0120020F8B5074692
:103B90000E46094D002405EB411547FA04F3DB07F7
:103BA000E1B204D555F824300BB1304698470134C2
:103BB000082CF2D1F8BD00BFA01200202DE9F0477B
:103BC00080464FEA0837DFF8409007F1804505F559
:103BD000592500F0CDFCD5F8186457F809404FEA94
:103BE000C80A24FA0AF446EA0400E4B2C0B2414624
:103BF000F6B204FA0AF4FFF7C9FFC5F81C6447F8E7
:103C00000940BDE8F08700BF18970D400248002129
:103C1000802209F07BB800BFA0120020034A044BA9
:103C20001A60044B803A1A60704700BF80400D4014
:103C30002413002020130020034B01EBC0011B685C
:103C400043F82120704700BF24130020034B01EBF1
:103C5000C0011B6843F82120704700BF20130020DB
:103C6000024A136843F030031360704700700D4040
:103C70000E2870B50BD1164B164E1C6844F0020589
:103C80001D60356825F03F0343F001033360124E99
:103C9000336823F0FF031A431143014331600F4B94
:103CA0001B681B06FBD50E4B0E4A1B6812680E28BC
:103CB00003F0FC0343EA022308BF064A9BB204BF99
:103CC0001560034A9BB208BF146018B270BD00BFF4
:103CD00034000144F486084008700D4000700D4027
:103CE0000C700D4010700D40024B1868B0FA80F057
:103CF0004009704700B7084010B58F20064CFFF709
:103D00001DFF8F20FFF70EFF206818B101F096FB12
:103D10000023236010BD00BF28130020064A13684B
:103D200043F002031360536843F002035360936847
:103D300043F002039360704748200D4007B50C48DC
:103D400000F088FCFFF7EAFF0A4B1A6842F0020213
:103D50001A6000220192019A0F2A02DC019A0132B4
:103D6000F8E71A6822F002021A6003B05DF804FB5B
:103D7000E93C200054200D40064A136823F002035A
:103D80001360536823F002035360936823F0020327
:103D90009360704748200D40084B93F90020002A9B
:103DA00009DB074AED2111601160E32111601A78E7
:103DB00062F07F021A700120704700BF3B31002083
:103DC00038880840094B1B689B07FBD4084BED2241
:103DD0001A601A60074A12680AB1EF221A60064A8E
:103DE0000120137803F07F03137070474C8608405E
:103DF000388808402C8608403B31002038B5A0F1B7
:103E00000B04E3B20F2B054613D80B4B1B6813F0C2
:103E10003F0302D0FFF7D6FF012304EB8404074AD7
:103E20000B3414600BB1FFF7B7FF054BE8B21D7000
:103E300000E0FF2040B238BD488608403C8608407C
:103E4000300A002010B50B4B1B68990603D1FFF711
:103E5000A3FF012300E00023074A1268D207FBD525
:103E6000064A1468C4F300140BB1FFF7ABFF2046F9
:103E700010BD00BF48860840648608404C86084054
:103E8000044B186800F02200A0F12003584258416A
:103E9000704700BF4C860840024B186800F0400095
:103EA000704700BF4C86084038B50C4600296ED0DC
:103EB00010286ED8DFE800F0090F1A1C236D334478
:103EC000496D6D6D6D6062646900334B1B68003332
:103ED00018BF012356E0314B05221B6803F07F0316
:103EE0000B3B93FBF2F30B33DBB24BE02C4B00E0CC
:103EF0002C4B1A68043B1B6843EA022342E02A4B1E
:103F0000002008601A68243302F001020A601B686E
:103F100013F0200337D042F002020A6038BD234B71
:103F20001A680023D2B2224901EBC3000079904203
:103F300002D851F8333025E001330E2BF3D11FE0C6
:103F40001C4B1B685BB2493B1CE01B4B1B68990672
:103F500003D1FFF721FF012300E00023174A126875
:103F6000D207FBD5164A1568493DEDB20BB1FFF7F4
:103F700029FF6DB2256006E00B2303E01A2301E060
:103F80006FF017032360002038BD0723FAE70220F3
:103F900038BD012038BD00BF2C8608403C86084053
:103FA000CC850840D48508400086084040860840FB
:103FB0003CF7200058860840488608406486084040
:103FC0006086084038B505460C46134B1B689B07B6
:103FD000FBD4124B93F90030002B01DBFFF7DCFE22
:103FE0000F4BEE221A60691E1A60A21C43F8102CB7
:103FF0002144022000F04AFA013C0A4924012143ED
:10400000022000F055FA022000F05CFA022000F0D5
:1040100071FA002038BD00BF4C8608403B310020BB
:104020003888084002C001C0F8B51F4B93F9003032
:10403000002B0DDBFFF7B0FB0446FFF7ADFEFFF7EB
:10404000ABFB6FF009031B1BC342F8D4012600E051
:104050000026FFF7F7FE18B3144C236899061FD407
:10406000134DE9232B60042723689A0707D4013FE7
:1040700017F0FF0703D00620FFF76AFBF4E7236879
:104080009B0704D4EE232B6001242B6004E02068FE
:1040900010F00200FBD1044626B1FFF793FE01E0C9
:1040A0000220F8BD2046F8BD3B3100204C86084078
:1040B00038880840044B1A6810B142F0010201E050
:1040C00022F001021A6070470086084038B50C469D
:1040D000072855D8DFE800F0040F1B1F26543B4F7C
:1040E000012903D1FFF758FE002038BD002949D12E
:1040F000FFF768FEF8E7A1F10B030F2B42D8C8B217
:10410000FFF77CFE431C0CBF0320002038BD8CB29F
:10411000E2B21D4B02E08CB21C4BE2B2240A1A60E0
:104120005C60E1E731F003052CD101F00100FFF7FD
:10413000C1FF174B14F002001A681BBF284642F05B
:10414000200222F020021A6008BF1A6038BD01F177
:1041500018031F2B16D80D230E49DA0051F833002F
:10416000844204DC8B181A790B4B1A60BCE713F1FC
:10417000FF33F1D2B8E7CCB2084B49341C60B3E747
:10418000012038BD022038BDC8850840D0850840D0
:10419000248608403CF720004086084058860840A6
:1041A0000B280DD1082A0DD161B1074B013953F805
:1041B000042D01F8012F054A9342F8D100207047E1
:1041C0000120704702207047C8850840A885084034
:1041D0000B280DD1082A0DD161B1074B083111F818
:1041E000012D43F8042F054A9342F8D1002070476F
:1041F0000120704702207047A4850840C48508400C
:10420000F8B52F4F3B6813F0400308D02D4D2B68B5
:104210001E06DCB205D52C4BED221A601A60002078
:10422000F8BD042CF7D9023C8C42F4DCE4B2032C38
:104230001BD001190139032000F030F9631E234916
:104240001B010320194300F033F9032000F03AF971
:10425000032000F04FF9032000F058F90028FAD1AC
:104260002B682E683106D6D506E02B6803702B68C4
:1042700043702B688370F3E7A3F149056DB2A9B2CF
:10428000042006F0AFFF124B06F07F0103201D60F3
:1042900006F0A8FF0F4B06F07F061E603B685A062B
:1042A0000BD5074B1B681B0603D50B4801F0C6F85E
:1042B00003E0054BED221A601A602046F8BD00BFEE
:1042C0004C860840288808403888084002C0010C05
:1042D000C8390020C43900207C070020F8B52B4ED7
:1042E000357815F001054ED1294B01241C605C6026
:1042F0009C60A3F59323A3F51473F8221A60092296
:10430000C3F89021152270331A6003F59B230B220A
:1043100003F59E731A60A3F59B23A3F5F073402267
:104320001A601A687F2742F020021A60D52243F8EB
:104330001C5CDF62DA61174B1878FFF75FFD164AE5
:104340008D20136843F004031360FFF7DFFB134B6A
:104350008E201F60FFF7DAFB022000F0BFF8104943
:10436000022000F09BF8032000F0B8F803200C496D
:1043700000F08CF80B48294601F048F833782046C5
:1043800023433370F8BD0020F8BD00BF3B3100204F
:10439000A8200D40300A00208C86084094860840F2
:1043A000288808407C07002038B503880446E3B11C
:1043B00040F2BE32934203D000230380032038BD75
:1043C000822915D106F0B4FE06F048FE8021FFF7E1
:1043D00017FF002805DD80B206F024FE0C4B1B6998
:1043E00098470C4B1A78520604D440F2BE3323800F
:1043F000012038BD00221A70074B1D68FFF7E2FC50
:10440000FFF76CFFAB06F0D0FFF7C6FCEDE700BF8F
:1044100000F820003B3100204886084008B50348DA
:1044200001F00CF8024B00221A6008BD7C07002046
:1044300034880840064B07481A68042A1FBF0649FB
:104440000A7842F040020A7000221A6000F0F6BFBB
:104450002C8808407C0700203B31002010B5094C17
:1044600000212046402208F051FC074B01221A602F
:104470002E205C60FFF74AFBBDE810402F20FFF7BD
:1044800045BB00BF0000002004F00F4003289EBF82
:10449000014B0001195070470000002003289EBF07
:1044A000024B03EB00104160704700BF000000208A
:1044B00003289EBF024B03EB00108160704700BFD2
:1044C0000000002003289FBF034901230A6883409E
:1044D0009CBF13430B60704728F00F4003289FBF19
:1044E000034901230A6883409CBF13430B60704754
:1044F00020F00F4003289FBF034901230A6883402F
:104500009CBF13430B60704714F00F4003289FBFFC
:10451000044B03EB0010806800F0070088BF002008
:10452000704700BF00000020024B4FF0FF321A60BE
:10453000704700BF04F50F40014B01221A6070471D
:104540004CF00F40094B1A6812F4801F1A46F9D13B
:10455000043B196821F4803119601168C903FCD447
:104560001A6842F400321A60704700BF04200D4000
:1045700010B50A4B1A681C4612F0030F0CD0084BFA
:104580001A685101FBD41A685201FCD5FFF7EEF806
:10459000FFF7D8FF0023236010BD00BF58200D4057
:1045A00004200D4038B5254B1C6814F03F0413D18E
:1045B000234B53F8243023B1984768B10134052CBC
:1045C000F6D1204D2B783BB1FFF7E0F80446FFF71A
:1045D000E3F8201A092801D830BF38BD002CFBD0E1
:1045E000194B1A6822F400321A60184A1168C9027D
:1045F000FBD4196841F4803119601368DB03FCD5E2
:10460000FFF7CAF8201A092803D8BDE83840FFF799
:1046100099BF63280E4C02D92B78022B00D00123BE
:10462000236000F0BDFE20B1FFF78CFF0023236064
:1046300038BDFFF7ABF80028CED1F5E74886084033
:104640002C1300203C31002000200D4004200D40A0
:1046500058200D400023064A52F82310814206D00C
:1046600011B942F8230070470133052BF3D170478D
:104670002C130020054B00221A60054A136843F0F2
:1046800004031360034B01221A70704758200D4039
:1046900010ED00E03C31002010B59020064CFFF7F3
:1046A0004DFA9020FFF73EFA206818B100F0C6FEE0
:1046B0000023236010BD00BF4013002030B5184B0D
:1046C0001A78431E3AB9174A1278122A03D1164AA9
:1046D00012784B2A03D001F52011273117E04A0840
:1046E00002F12814B4F1281F04D014F8015D03F876
:1046F000015FF7E701F5201127310023934205DA26
:1047000011F801598418E5540133F7E730BD074A21
:10471000914204D011F8012903F8012FF7E730BDC9
:104720002B0028002A002800290028002700280044
:104730000FB407B504AA52F8041B0448019200F014
:104740004DF803B05DF804EB04B070478C0700200F
:104750001FB5084C8DE80300114602A81A460294C2
:10476000CDF80CD000F03AF8009B00221A7004B08B
:1047700010BD00BF83E120000EB43FB5094B07AA6E
:1047800052F8041B0190049304A801AB0392059313
:1047900000F024F8019B00221A7006B05DF804EBCB
:1047A00003B07047C5E1200070B505460C46102CDB
:1047B00007D92B68686808491022984750B9103CFF
:1047C000F5E734B12B6868682246BDE870400249BD
:1047D0001847204670BD00BF9D0221002DE9F04F13
:1047E00080468FB0069107920026069B1B78002B0F
:1047F00000F05F83069B1C4613F8012B1AB9069B39
:104800009C4203D10FE0252AF5D1F8E7069BD8F8A2
:104810000400E51A0699D8F800302A46984700287F
:1048200040F02A832E442378002B00F042836378E3
:10483000611C002B00F03D8300240A4611F8013B67
:104840002B2B11D006D8202B11D0232B12D144F0C2
:104850000804F2E72D2B04D0302B0BD144F01004C8
:10486000EBE744F00104E8E744F00604E5E744F030
:104870000204E2E7A3F1310108290DD8134600250F
:104880001A4613F8011BA1F13000092811D80A2299
:1048900002FB0515303DF3E72A2B09D1079B0132B6
:1048A0001D68191D002D0791B8BF44F0010400E0F8
:1048B000002513782E2B1CD15178531CA1F1300008
:1048C00009280ED8194600270A780B46A2F13000B5
:1048D000092801F101010FD80A2303FB0727303F04
:1048E000F2E72A2906D1931C079A111D0791176830
:1048F00002E013464FF0FF371A786C2A09D15A7834
:104900006C2A02D144F080040AE0013344F06004D0
:104910000BE0682A09D15A78682A03D144F02004B0
:10492000023302E0013344F040041A78642A3CD098
:104930001FD8462A48D00DD8252A5AD003D8002A95
:1049400000F0B78257E0412A4AD0452A53D144F4B7
:10495000424450E0582A31D004D8472A4BD144F47D
:10496000A13448E0612A38D0632A44D144F4A064D9
:1049700041E06E2A3AD007D8662A22D027D3672A88
:1049800028D0692A11D036E0732A2CD006D86F2A95
:1049900011D0702A2FD144F440742CE0752A07D02E
:1049A000782A28D144F4C85425E044F4245422E061
:1049B00044F410641FE044F488541CE044F4B2440E
:1049C00019E044F4007416E044F4844413E044F421
:1049D000024410E044F481340DE044F4C1340AE0B0
:1049E00044F4E13407E044F4806404E044F4E06417
:1049F00001E044F4C0640133069304F4E063B3F5CA
:104A0000806F00F0AA8116D8B3F5807F2BD0B3F564
:104A1000407F7FF4EAAE079BA04914F4804F03F176
:104A200004029F4818BF08460DF1330107920F4654
:104A30001A680023C5E1B3F5C06F08D0B3F5E06F85
:104A400000F03182B3F5A06F7FF4CFAE00E2D8F86A
:104A50000030D8F80400934901229847002840F01C
:104A60000B820136C1E6002FACBF24F010040127F1
:104A700014F40053039304F0E00337D0402B17D015
:104A800008D8DBB1202B2AD1079B1A1D079293F976
:104A9000002017E0602B11D0802B20D1079B07331B
:104AA00023F0070303F108020792D3E900230AE089
:104AB000079B1A1D0792B3F9002003E0079B1A1DFC
:104AC00007921A68D317002A73F1000109DA5242DB
:104AD00063EB4303CDE900234FF0010933E00022EB
:104AE0000023CDE900234FF000092CE0402B16D025
:104AF00007D8CBB1202B20D1079B1A1D07921A781B
:104B0000EEE7602B10D0802B17D1079B073323F0E3
:104B1000070303F108020792D3E90023E1E7079BAB
:104B20001A1D07921A88DBE7079B00211A1D0792BE
:104B30001B681846CDE90001D5E700220023CDE926
:104B400000234FF0000904F4C053B3F5805F0CD08C
:104B5000B3F5C05F33D0B3F5006F4FD1DDE900236B
:104B60000DF1360ACDE9042304E0DDE900230DF15F
:104B7000360A15E0DDE9042313433AD0DDE90401E8
:104B80000A22002307F090FCDDE9040130320AF824
:104B9000012D00230A2207F087FCCDE90401E9E793
:104BA00052EA030125D002F0070130310AF8011D55
:104BB000D10841EA4371D8080A460346F0E7384B6A
:104BC00014F4804F0DF1360A344908BF1946DDE967
:104BD000002352EA03000CD002F00F00085C4FEAF9
:104BE000131E0AF8010D100940EA037002467346CD
:104BF000EFE70DF1360BCAEB0B0B03E00DF1360AB4
:104C00004FF0000B41F6080241F208035F4502EA4B
:104C100004028CBFCBEB070700279A4202D1002F7A
:104C200008BF012741F608018A4207EB0B030DD1AB
:104C3000DDE9000150EA010208D01B4914F4804F5D
:104C40001A4A4FF0020C18BF0A4602E04FF0000C5F
:104C500062460399A1B1B9F1000F0AD104F006012F
:104C600002290AD00629124904BF4FF0010C0A4656
:104C700006E04FF0010C0F4A02E00F4A4FF0010C22
:104C800063449D428CBFED1A002514F0010922D126
:104C9000E30613D52F444D461DE000BF68022100F6
:104CA000790221009B0221008D0221008A0221004D
:104CB0009202210090022100C901210040462946AC
:104CC000CDF80CC00092FFF76FFD009ADDF80CC024
:104CD000002840F0D180BCF1000F0DD01146D8F86B
:104CE00000306246D8F80400CDF800C09847DDF8DF
:104CF00000C0002840F0C0803C465E44102CD8F82C
:104D000000300DD9D8F804006C491022CDF800C04D
:104D10009847002840F0B080103CDDF800C0EDE777
:104D20005CB1D8F8040065492246CDF800C0984728
:104D3000DDF800C0002840F09F80D8F80030D8F897
:104D4000040051465A4666449847002840F0948033
:104D50003E44B9F1000F79D073E0079BD3F800A06F
:104D60001A1D0792BAF1000F09D05346994699F8D7
:104D700000200133002AF9D1CAEB090903E0DFF86A
:104D800040A14FF00609002F02DBB94528BFB94604
:104D90004D458CBFC9EB0505002514F0010405D174
:104DA00040462946FFF700FD002865D1D8F80030BD
:104DB000D8F8040051464A46984700285CD14E4432
:104DC0003EE052EA030E0ED002F00F0E10F80EE095
:104DD0004FEA131C01F801ED4FEA121E4EEA037E62
:104DE00072466346EDE70B467F1A01BF302201276A
:104DF00001F1FF3301F8012C03377822BD4203F89B
:104E0000012C4FF0300203F8022C88BFED1B4FF04D
:104E1000230298BF002514F00104A3F1030903F84D
:104E2000032C04D140462946FFF7BEFC20BBD8F82E
:104E30000030D8F8040049463A469847E0B93E4465
:104E400024B140462946FFF7AFFCA8B92E44CCE474
:104E5000079B012D03F104021B688CBF05F1FF3590
:104E6000002514F0010407928DF8203008D1404647
:104E70002946FFF799FC10B14FF0FF301AE02E449D
:104E8000D8F80030D8F8040008A901229847002873
:104E9000F2D16F1C2CB140462946FFF785FC002853
:104EA000EAD13E44A1E4079B1A1D1B6807921E60CD
:104EB0009BE430460FB0BDE8F08F00BF58022100E0
:104EC00094022100F8B50388064615462BB14A2BFB
:104ED00015D0002303800320F8BD174809F0DDF941
:104EE00004462CB1201DA16809F082F92468F8E776
:104EF000124B01221A704A2333800120F8BD882901
:104F0000FBD10D4809F0C9F90446002CF3D0231D4C
:104F10009D420ED10848214609F0C9F9084B626943
:104F20001F681A60A2691D460AB1E06990472F60A8
:104F3000E1E72468E9E700BF441300203D31002089
:104F40005813002010B5064B002406481C7009F0C9
:104F5000A1F92146BDE81040034800F057BA00BF50
:104F60003D310020441300209407002070B5044612
:104F7000E3610B4B049D1B786561A26143B1094D50
:104F8000094B2E68201D2B6009F032F92E6000E0DD
:104F9000A1602146BDE87040044809F09CB900BFFB
:104FA0003D310020581300209407002044130020B6
:104FB00013B5034C24680094FFF7D8FF02B010BD6E
:104FC0005813002070B5094B05461B783BB1084CBF
:104FD000084B26680430236009F013F9266029463F
:104FE000BDE87040044809F076B900BF3D310020AB
:104FF00058130020940700204413002070B5094B7B
:1050000005461B783BB1084C084B266804302360EA
:1050100009F000F926602946BDE87040044809F00F
:105020005AB900BF3D3100205813002094070020DA
:105030004413002010B5084B04461B781BB1043004
:1050400000F0A8F801E0C36003612146BDE810400C
:10505000024809F02CB900BF3D3100204413002064
:1050600010B50E4C236813B90D4A136010BDFEF73E
:105070005BFB216891E80C001A44131A8A6842B15C
:1050800092E812002144091A8B4228BF0B4692680D
:10509000F5E71844024B186010BD00BF481300200C
:1050A0004C130020014800F0C9B900BFA40700203C
:1050B000F8B5038805462BB1592B09D0002303808E
:1050C0000320F8BD1E4A136059232B800120F8BD30
:1050D000872920D08229F7D1194F00263C68002C5F
:1050E000F2D0204609F0C8F890B1E0688821224645
:1050F00000F060F950B9E060A3680EB1B36000E061
:105100003B600023A360FFF7ABFFE5E7FFF7CAFFB3
:105110002646A468E3E70A490B680BB90B60D3E79E
:10512000D868904201D19B68F7E70B609968002925
:10513000CAD0C86890420ABF89680B469960F5E7F3
:105140004813002010B50446FFF7ACFFE3680B4A94
:105150004BB113683BB1A34203D1094A1268DA602C
:1051600007E09B68F6E7064B1B68E3601368146072
:10517000A360BDE81040FFF773BF00BF48130020D5
:1051800058130020024B1868003018BF01207047E8
:105190004813002010B50B4A04461368984206D104
:1051A0008368136008E09A68A24203D01346002B7C
:1051B000F9D103E0A2689A60FFF752FF0023A360D1
:1051C000E36010BD4813002038B5836804460D46DF
:1051D0009BB10A4804600220A07304F10C009847B8
:1051E0000238012801D9832D05D120462146BDE88A
:1051F000384000F005B80123A37338BD58130020D0
:105200002DE9F8431C4A0446156889462B4690460A
:105210001A4E3768A34204D00BB11B68FAE7BDE809
:10522000F88334B3A37BABB10023A37345B1AC4285
:1052300004D028468721224608F0FDFF2D68F5E7B7
:10524000A3683BB14C4505D0346004F10C008321C8
:105250002A469847D8F800309C4203D12268064B72
:1052600005E0134623B11A68A242FAD122681A60F7
:105270003760BDE8F88300BF60130020581300209A
:1052800010B5094B00221A70084B1C685CB1E37B17
:105290003BB101230022A373E27320468221FFF772
:1052A00093FF2468F2E710BD403100206013002016
:1052B000024B1878421C1A70704700BF433100201F
:1052C000064B8A221A70064A00231370054A13708F
:1052D000054A1360054A1360704700BF4331002040
:1052E0003E3100203F310020601300205813002081
:1052F0002DE9F041214E33780BB1FFF7C1FF204D6E
:105300002C78002C34D0DFF88CE00C229EF8003092
:105310001C495A4388181C4F895CDFF87C8042681E
:10532000DFF878C08068013303F01F03013C397057
:10533000C8F80020CCF800008EF800302C7088B936
:10534000124C134B1B68236023688BB133780BB16D
:10535000FFF796FF20683978D8F8002008F06BFF37
:105360002368EFE7812904BF0123837308F063FFFB
:10537000337828781844BDE8F08100BF4031002020
:105380003F310020641300204231002054130020DC
:10539000601300203E3100205C13002050130020D9
:1053A000024A034B10781B78184470473F310020A5
:1053B00040310020F0B50C4E3478202C11D00B4B2E
:1053C0000B4D1B780B4F234403F01F032B700C2550
:1053D0006B430134FD18A860F9546A6034700020F2
:1053E000F0BD0120F0BD00BF3F3100203E31002064
:1053F000413100206413002038B5034C256808F0C3
:105400001AFF256038BD00BF5813002010B50A46AA
:1054100009490C68234683420DD00BB11B68FAE79B
:1054200048B1046008600121817383818121BDE856
:105430001040FFF7E1BF10BD6013002038B1837B3F
:10544000013B012B9FBF024A0123C37313707047B6
:105450004031002010B5084C206858B1002323606B
:10546000816843689847236823B1BDE810401868F5
:10547000FEF7A8B910BD00BFE414002010B5044623
:10548000FEF75CF994E80C001344C01A024B9842F2
:105490008CBF0020012010BDFEFFFF7F38B50588BE
:1054A0000446672D09D0792D2ED0002D32D1FFF77B
:1054B000FFFE1B4B18701B4B1D601B4808F09EFF26
:1054C000431C01D167231DE00A28164B07D01A6838
:1054D0007E2AF2DC511C1960144B9854EDE71968D0
:1054E00000254A1C1A60114A0D4B5554284619785C
:1054F000FFF760FF0E4B852118682A46FFF75AFF19
:1055000020B97923238009E0852907D1054B0022A2
:105510001A60D2E700230380032038BD012038BD84
:10552000F1420020F0140020E8140020C5310020D2
:10553000581300200D2810B5014615D00B4C2378C8
:105540002BB90B4808F046FF48B9012306E00A28AA
:1055500005D1074808F03EFF08B100232370054835
:10556000FFF76CFF012010BD002010BD443100206A
:10557000E8140020B407002008B50548054980223A
:1055800008F021FFBDE8084003480021FFF73EBFB7
:10559000E814002045310020B4070020054A1368B4
:1055A00043F004031360044B1B68906943EA002036
:1055B00080B2704700700D4014700D40174A136898
:1055C00023F00C031360164B01221A601A68012A9B
:1055D000FCD1144B08221A60E322C3F8142203F50D
:1055E00005731946104B1B68DB07FBD51020002301
:1055F0000E4A0138126802F0010243EA02034FEA40
:1056000043039BB2F4D1002BF0D0094A180A03F0EF
:10561000FE0310601360EF230B60704700700D40B5
:10562000A8200D4024860840648608409C860840D7
:1056300014700D400C4AB82303FB0022002330B540
:1056400053821A46094CE1188D782DB11C5D8442B5
:1056500002BF00248C70013240F24C5171338B42F6
:10566000F0D1104630BD00BF10150020463200209A
:1056700007B50B4803F0F6FB0A4B01221A70002213
:105680005A706A4608490868496803C26A4603CAEC
:10569000C3F80200C3F8061003B05DF804FB00BFB6
:1056A000F1582000F2420020D602210010B51378F4
:1056B0000446087A83F0020398421DD1487A537851
:1056C000984219D1887A9378984215D1C87AD378BC
:1056D000984211D1087B137998420DD1487B5379B8
:1056E000984209D1887B9379984205D1C87BD379B8
:1056F000984201D103201BE00B890F4A6BB94B89FB
:10570000B3F57F4F09D18B89FE2B06D11368C98968
:10571000022023F8021B13600AE0136851F8080FF7
:10572000083343F8080C486843F8040C1360012060
:10573000A040C0B210BD00BFFC14002010B50F4C3B
:105740000220A17905F04EFDA379112B01D0062B83
:1057500005D1238D618D9942A8BF194608E03A2BE7
:1057600005BF94F8281094F82930002143EA01215C
:105770000120BDE8104005F035BD00BFE039002034
:1057800010B5084C01462378012B08D1A01C082233
:1057900007F0B0F900280CBF2046002010BD002003
:1057A00010BD00BFF242002008B50146102005F0F0
:1057B00027FD044B04489B6800219847BDE808403A
:1057C000FEF77EB920F82000CD57200010B508461E
:1057D0000C46114602F0CEFA044B1B6813B19B68CD
:1057E00020469847024B1C6010BD00BF0C150020DE
:1057F00008150020F8B505460023114A712404FB62
:105800000324A278B2B9617005F016FC26460D4F4C
:105810000D4A3B7806F8035BC01A1568A0701D445A
:1058200005F00AFC3A782946821A304607F094F9C6
:10583000A078F8BD01330C2BDFD14FF0FF30F8BD5D
:105840004632002092370020001500202DE9F84351
:105850004FEA1219B9F10F0F80461D4602F00F04EE
:105860000BD00F2C05D1B9F1000F0AD11024274617
:1058700019E0B9F1000F09D004E00F2C4FF0100926
:1058800000D1102440464A4607F066F909EB0402AD
:105890000F2A274606DC08EB09000021C2F110029E
:1058A00007F034FABCB1114DC7F110002E68404426
:1058B0003146224607F050F9022C08D1B9F10A0FFF
:1058C0009FBFFF2388F80B30FE2388F80C30344448
:1058D0002C60BDE8F883B9F1000F05D04046294699
:1058E000BDE8F84308F0F1BDBDE8F883FC140020E2
:1058F0002DE9F04F8E4E8F4D002387B033702B7003
:10590000044605F015FC05F0A9FB8B4A8B4B126889
:1059100018608DE8600099460AB1FFF70FFF04A8F0
:105920000CB9874900E0214609F0D4FB854B864E2F
:105930001A8803933E2A40F20182D9F800B0834DC1
:105940000BF102032B60009B06F1180093F8008016
:10595000002308F102080BF80830FFF711FF20B907
:1059600006F10800FFF70CFF20B10BF103032B60D9
:10597000802400E0044672783178130943EA011369
:10598000DBB2980840EA8313DBB212F00F0FDEB2ED
:105990006E4F01F00F010CD16B48408848B911B926
:1059A00012F0F00F1FD03B6803F8016B3B607026CC
:1059B0001AE079B912F0F00F0CD1296823F03F03F7
:1059C0001A43634B0A701B88033121F8023C682696
:1059D000296009E05C4A2B681068186003F8046BC2
:1059E0002B60602600E07826574B9A790293112AA3
:1059F00008BF46F0040673075EBF3B6803F8012B3F
:105A00003B60029BDB79402B06D0FF2B07D0012B9C
:105A100008D146F0010609E046F0020606E046F02D
:105A2000030603E03A6802F8013B3A60029A464BEB
:105A3000128982B95A8972B99A8962B9DA8952B9D6
:105A40001A8A42B95A8A32B99A8A22B9DB8A13B9B8
:105A500044F0400013E03F48FFF792FE3E4B1860D1
:105A600078B142781BF80830042043EA02130BF89F
:105A700008303849394AFFF719FE60F03F00C4B2D8
:105A800027E0029B30491A8948F2FE039A420CD162
:105A90004B8B53B98B8B43B9CB8B33B90420083173
:105AA0002E4AFFF703FE2043E9E73A68DFF8A4C077
:105AB00096460CF1100A634603CB5345CEF800001E
:105AC000CEF804109C460EF1080EF4D11F4B103294
:105AD0001A60DFF874A09AF81830FF2B40F08A8023
:105AE0009AF8192044F0080E022A5FFA8EFE37D188
:105AF000BAF81A30A3BBBAF81C308BBBBAF81E3008
:105B000073BBBAF820305BBBBAF8223043BBBAF89B
:105B100024302BBB9AF8263013BB3B689AF8272019
:105B200044F00B0003F8012BC4B23B609FE000BFC0
:105B300045320020923700200C150020001500206F
:105B40003B032100CC390020E0390020FC14002068
:105B5000E2390020E8390020F4140020D839002070
:105B60009B4B588B194688BB988B78BBD88BA8B9B0
:105B7000188C98B9588C88B993F8240070B92968A2
:105B800044F00A00C4B2084600F8012B33F8252F70
:105B9000043121F8032C9B78837015E0C98B8C4B62
:105BA000A1B9198C91B993F8221079B9296844F0F8
:105BB0000900C4B2084600F8012B53F8232F063120
:105BC00041F8052C1B790371296050E0814ADFF808
:105BD00018C214680CF110082746634603CB4345EE
:105BE000386079609C4607F10807F6D110341460DC
:105BF00074463CE00AF11800FFF7C2FD764B1860CE
:105C000050B143781BF8081044F004040B43E4B28D
:105C10000BF8083000200EE048F2FE03BAF8182016
:105C20009A4210D1BAF81A306BB9BAF81C3053B98D
:105C3000BAF81E303BB90AF1180104AAFFF736FD85
:105C40002043C4B213E0634ADFF89CC117680CF12B
:105C50001008BE46634603CB4345CEF80000CEF89D
:105C600004109C460EF1080EF4D110371760019A0B
:105C70005749282313708B79112B53D14FF2B0035E
:105C80000A8D52BA92B222F00F0080B2984217D118
:105C90004B8D5BBA23F00F031B041B0C83420FD107
:105CA0002868F32303704B8D02301A0A0B8D1B0AF0
:105CB00002EB031303F5AA6300F8013C286028E017
:105CC000029B43495B8D5BBA03F47F43B3F5704F8E
:105CD00009D12B68F1221A700A8DA3F801204A8D90
:105CE000120ADA700CE002F47F42B2F5704F2B68B2
:105CF00008D1F2221A700A8D120A5A704A8D5A80FF
:105D0000043305E0F0221A70886A053343F8040C66
:105D10002B60324B1A882B6823F8022B019A2B60D8
:105D200030231370009BD9F800201B78D6541344FD
:105D30005C70284B1B689B1A009A1AE0D9F8002067
:105D400041231370009B06F128051C78631CDBB20D
:105D50001344324603CAAA4218605960164603F13A
:105D60000803F6D1009B29341C70019B019A1B7813
:105D70002833102013700DEB000105F041FA184B89
:105D8000DFF868801B68984730EA200028BF15209C
:105D9000039BC0F17D051C88019BDFF854A01E7891
:105DA000009BA21B93F800B00E4FCBEB05039A4269
:105DB00040F3CD80C0F17803019305F04BFA019BCD
:105DC00094FBF3F40134A04214DC0020D1E000BFC6
:105DD000E0390020FC140020F41400200E3A0020CA
:105DE000F4F7200092370020F8390020CC39002049
:105DF00045320020D9F800B05F4B3C7800221A6091
:105E0000594622460BF10400039306F01BFFB8F835
:105E100000205A496FEA82426FEA9242C2F3072297
:105E20008BF80020B8F8002004348BF801200A8891
:105E3000E4B2501C0880110ADFF850C18BF8021040
:105E40002D1B9AF8001025F007054D4E61448BF884
:105E500003200BEB04002A46CDF808C03C703560E7
:105E600006F07AFE281980B205F0DCF805F0F8F9A2
:105E7000039B04461D460028A7D00DF1100B584681
:105E8000FFF792FC204605F023FA204605F00AFAB7
:105E90002B68012B99D0043B012B96D99AF800A0CE
:105EA000336853441FFA83FA05233B70354B1A6855
:105EB000B8F800306FEAC3436FEAD343C3F3072354
:105EC0001370B8F800305370019B23F00707376058
:105ED0002D4B1B889A454BD2D9F800204FEADA01A6
:105EE00011713268CAEB03039342B8BF244AD9F850
:105EF0000000B8BF1360009B376893F80080029BD6
:105F00003A4603EB0A01404406F026FE08EB070080
:105F100080B205F087F805F0A3F9074600283FF4A2
:105F200054AF5846FFF740FC384605F0D1F93846E3
:105F300005F0B8F9124B1B689A442B681FFA8AFACD
:105F4000012B3FF442AF043B012BC1D83DE7D9F808
:105F500000000E495844314406F0FEFDB8F8000038
:105F60005844801B80B205F05DF804A8FFF71CFCC4
:105F7000012007B0BDE8F08F08150020342600206E
:105F80000415002000150020CC390020E039002045
:105F90002DE9F047074688461646002A47D0434C6D
:105FA0000025A146238ABB4215D1638A9BB10F20ED
:105FB00005F032F90146204609F091F858B1ECB2EB
:105FC00020463146FFF716FC002827DA0027DFF8C5
:105FD000E0A0B8460DE0B834002D5DD10125E1E721
:105FE000A8450BD10AF1B80AB8F1000F10D14FF053
:105FF00001083AF8063C002BF4D0F1E7504608F0CF
:106000003BF90028EED04046FFF714FB0744E9E7D0
:10601000002F41DD20463146FFF7ECFB00283BDD39
:10602000B82303FB0595AB8A1844A8823AE0204DBB
:10603000FF2435F8063C4FFA84F97BB3284608F074
:106040001BF910B13046FFF7F5FAB9F1FF3F03D164
:1060500035F8063C03B9F4B2012E05F1B80501D0BC
:106060000126E6E765B26B1C16D0B8235D43DFF866
:106070003C900F2009EB0506A6F81280378205F048
:10608000CBF80146304609F025F805F118004844E0
:10609000402108F0DFF805E0FF2403E0B9F1FF3FFD
:1060A000DAD1D8E760B2BDE8F08700BF1015002054
:1060B000281500202DE9F04FA44CDFF8C8A287B0C6
:1060C00000268AF80060267004F0C8FFA04DA046A4
:1060D0002860042005F08EF89E4B2A6800B21860F4
:1060E0005778137847EA032703F0F803C02B02D050
:1060F000E02B19D03AE090782378D278C7F30A07DA
:10610000043342EA0020394632462370FFF740FF4D
:10611000B0F1FF3F814600F080828F4CB82303FB33
:1061200000440126223424E01379D1789078227833
:10613000C7F30A070532227041EA00201A463946A1
:106140000093FFF725FFB0F1FF3F814600F0658225
:106150008149B82202FB0012958A4FF0010BBD4223
:1061600034BF002501253446009BE0E1B1464F468F
:106170007A4C296898F800504A5D02F0E003602BE1
:1061800040F0B781A81C084429444D78744B5FFA4D
:1061900085FC1CF0800F18601CBF0130186012F0E5
:1061A000100F02F0080130D1D1B9196831F8010F90
:1061B000A4F801008978E170196811F8040B1960DE
:1061C000830803F00F0141F060012170617803F052
:1061D000300343EA801301F00F010B43637030E09A
:1061E00018686021864621701EF8011B03304FEAB3
:1061F000910B0BF0300B01F00F014BEA01016170C4
:10620000BEF80010186061801BE001F0FF0E99B924
:1062100019680878C0F3830040F06000207011F81E
:1062200001BBA4F802E04FEA9B0000F0300040EA16
:106230008B106070196004E060232370002363708A
:10624000638002F0040303F0FF0100912BB944497D
:106250000B6813F8010BA0710B6012F003020BBF67
:106260003F4A404B13689B5C09BF13F8011BE37165
:106270001360E1716B06C5F3011233D51CF0800F7A
:106280001DBF334998F80030096800211EBF5B1814
:106290009978090922B904F1080B9AB9114614E05A
:1062A000314B1878012805D1587888420CBF19461F
:1062B000002100E000212D4B19600029EBD1B346ED
:1062C0000D4633E1294B19680231294B0F209A5CA6
:1062D0000391CDF808C0019204F09EFF0399034694
:1062E00058460BE0234B0F209A5CCDF808C0019272
:1062F00004F092FF2049034604F10800019AFFF7D9
:10630000A5FA05F00800DDF808C005F0030200F06A
:10631000FF0105F00403002836D0002B6CD1174B89
:106320001B88ADF81430531E012B9FBF0C490B681E
:1063300013F8010B0B60124B98BF8DF815009A5C97
:1063400004F1180005A9002354E000BF9237002093
:1063500000150020F814002010150020E03900205E
:10636000FC140020E0022100F2420020F41400207E
:10637000F9022100E4022100E8022100DE022100EE
:10638000EA0221004532002053B31CF0800F1DBFEC
:10639000A34998F8003009680B4618BF5B18A1495B
:1063A00018BF9D78087818BF05F00F03012805D1A4
:1063B0004D789D420CBF0D46002500E000259A4B0C
:1063C0001D60002D00F0AE80984B10209A5C019269
:1063D00004F022FFA91C0346019A04F1180009E009
:1063E000934B10209D5C04F017FF2A469149034609
:1063F00004F11800FFF72AFA9AF800008E4900F11C
:1064000028038AF80030009B002B53D00B681A78C1
:1064100002F0F802F02A4DD11122A2711A7802F08E
:10642000040502F0F302F03AEDB2032A7CD8DFE86B
:1064300002F0020A1622B3F801200533228533F850
:10644000022C62852CE0B3F801202285DA78A2F5CF
:10645000805292B2120242F0F002628509E05A784C
:10646000A2F5805292B2120242F0F00222855A88BE
:106470006285043314E05A7802331209A2F575627A
:1064800092B2120242F0F002228513F8012C02F0BF
:106490000F02A2F5756292B2120242F0F00262851A
:1064A0000B6025B90B6833F8022BE2850B603030A6
:1064B0008AF800005A4A0B6812689B1A88F8003064
:1064C00067B904F0B9FD5D4B1B78C01A9AF800302B
:1064D0001844283803122371607104E0A7F12803DF
:1064E0001A1222716371A379112B1DD1A388A38580
:1064F0001AE0412A40F091806A1CD2B28B182246E1
:1065000003F1280153F8040B8B4242F8040BF9D134
:1065100005F1290388F800309AF8003028338AF80A
:10652000003001E0B34601E0B34600252B4600935E
:1065300004F082FD98F8002082426ED804F07CFDC1
:106540003E4A009B12789AF800A0DB009BB2C2EB97
:10655000000853443A494344B3F5167FC1F800801C
:106560005BD83CB12E4B04EB0A001968114442463B
:1065700006F0F2FA002F39D056B132484FFA89F3BB
:10658000B82404FB030308EB0A0189B29982198439
:1065900095B3B8224FFA89F402FB04F329492A483B
:1065A000CA18114697822231128C06F0D5FA274D6F
:1065B00005F24C5615F8012C5AB115F8033CA342CC
:1065C00007D115F8020C204B294603EBC00006F05A
:1065D000C3FA7135B542EDD15FFA89F0FFF72AF8B9
:1065E000BBF1000F0BD01A4B1F800CE0BBF1000F6A
:1065F00005D0002DF7D110E0BBF1000F0DD1144BE9
:10660000D044A3F80080134C236823B1FFF796F819
:1066100023685B68984702F02BFC07B0BDE8F08F59
:1066200000150020F2420020F4140020F90221009D
:10663000E4022100E8022100FC140020923700202F
:106640000415002010150020E039002049320020F8
:10665000CC3900200C15002037B5124B124D1C7898
:106660002B796A79C4EB032313449BB2ADF806304F
:10667000BDF8063005F108011844202280B207F069
:10668000CDFEBDF8062004F12801294492B207F09E
:10669000C5FE10B140BA80B201E04FF6FF7003B002
:1066A00030BD00BF93370020E039002028492DE994
:1066B000F04188460D78274E2835AB195C7826487E
:1066C000E400073402239C423DDBE9187218715C38
:1066D000204F012932D002D3632902D013E00133C5
:1066E0002FE0037018461C4C03F0EEF8D8B998F868
:1066F00000302278283313443B445B781344023340
:106700002370BDE8F08101F0C001802905D0C029C7
:1067100005D0402912D1037005E0037006E03A7EEF
:106720000370FF2A02D10120BDE8F081042002217C
:10673000EA1801F0F1FE0220BDE8F0815278023241
:106740001344DBB2BFE703700020BDE8F08100BF57
:1067500093370020E039002099370020F0B5C57844
:10676000124A0D44EDB2D57083780F0A3B44DBB278
:1067700093704478BB4254700678167005D2601C42
:10678000C0B2507008B901361670C9B28D420CDA29
:106790000133DBB2054993703BB94B780133DBB26F
:1067A0004B7013B90B7801330B70F0BDD439002056
:1067B00010B5084C014620681430FFF7CFFF064A99
:1067C000236811781975517859759178D27899752F
:1067D000DA7510BD483C0020D439002008B501F01E
:1067E000E3F901F085FF02F055FA00231149002278
:1067F00021F813200133DBB2082BF7D10E493023E7
:1068000003FB02110132D2B200230A2A81F825309B
:10681000F4D10A4A4FF480611180094A002102EB49
:1068200043120133DBB20A2B1182F6D1054A1370F1
:1068300008BD00BF343E00204C3C0020382600201C
:10684000483E00209A370020F8B5124B1E7806B358
:10685000114F06F127023C88A2424FF0000202DBF2
:106860003A801A70F8BD0D4D1A7095F82830A4F1D1
:10687000280206F12801A41BAB71A4B205F128007F
:106880002944921B06F0DEF93C80283C23122B7130
:106890006C71F8BD93370020CC390020E03900201E
:1068A0002DE9F041034626480288013292B2B2F542
:1068B000FA4F28BF4FF4805200240A2C0AD0214DF1
:1068C00005EB44152E8A55BAADB2AE4204F101046F
:1068D000F3D1EAE7DFF874E0028000220A2A18D038
:1068E000184E55017419B4F81080571CFFB2B8F156
:1068F000000F0CD18EF800200288618252BA2282E9
:1069000063B920461946102206F000FA11E03A4613
:10691000E4E78EF800200020BDE8F081274603F16F
:10692000100E3A4618685968083303C27345174673
:10693000F7D1054B35441B7920462B75BDE8F08116
:1069400038260020483E0020903F00209A37002043
:1069500030B50A490023082B0DD0094C5A1C34F8D5
:106960001350D2B2854204D100220B7024F81320B8
:1069700030BD1346EFE70B7030BD00BF9A370020E3
:10698000343E002030B509490023082B0BD0084CB9
:106990005A1C34F81350D2B21DB90B7024F81300EE
:1069A00030BD1346F1E70B7030BD00BF9A370020B1
:1069B000343E00202DE9F74FA44E04283468B34636
:1069C000A34F00F07682A349A34DA44A03280D608B
:1069D00015608A4615D194F8253003F00F03032B78
:1069E00008D1A38B002B40F0CB869D4B08221A7058
:1069F00000F0B7BD022B40F0C386002305F8073C2A
:106A0000DFE302287AD1974A00231370964A3B802D
:106A10001380964AD3780133DBB2D37063B993788D
:106A20000133DBB293703BB953780133DBB253705F
:106A300013B913780133137094F8253003F0FD0275
:106A4000052A0DD194F826300133DBB2782B84F877
:106A5000263040F09586002384F8253000F090BE63
:106A6000002B00F08D86A28B7D48002A3DD094F843
:106A70002620511E84F82610002A40F0818694F8C2
:106A80002720082A04D0591E01290AD8052A08D12E
:106A9000002384F825308023037002F097FB00F078
:106AA0006EBD042A9CBF0321914003F00F0394BFE5
:106AB000C9B230210132013B84F8261084F8272026
:106AC000072B00F25D86DFE813F0780308000A0068
:106AD00013055B0613055B06130500226EE3042312
:106AE000037002F073FB00F07BBD03F00F03032B78
:106AF00040F046860823037000F033BD052811D10D
:106B00005B4B1B681B8A002B00F03A860C3D15601E
:106B1000554A0023138033603B80514B08220D609F
:106B20001A70C4E115F83C3C3C3D03F0F003602BC7
:106B300040F026862B796A791B023988981888429A
:106B400000F31E86283213443B802B7AFF2B00F083
:106B50001786484EAB1D3360474C424B00221A70DB
:106B60002270AA799846BAB901232370FFF79EFDD7
:106B7000012800F0058603D3022800F0FD850BE014
:106B800098F8003003F128022A4432605278083322
:106B900003EBC20388F80030384800F081FE00287B
:106BA00040F0B580354800F041FF002840F0AF804C
:106BB0002A7E334BFF2A65D048F2FE00198B8142B2
:106BC00060D0198981425DD079B9598969B99989AB
:106BD00059B9D98949B91B8A3BB9698A284B21B966
:106BE000998A11B9DB8A002B4CD0298B244B79B9B7
:106BF000598B69B9998B59B9D98B49B9198C39B95C
:106C0000598C29B9998C19B9DB8CB3F5807F39D0AF
:106C10003B88B3F5A06F04D9022000214FF4A06295
:106C200006E0EB79164C012B06D800210A4603201A
:106C300001F072FC00F0A0BD02F0D0FE002840F090
:106C40009F85E379013BE37100F096BD483C00204D
:106C5000CC390020443C00201C3A0020D0390020D0
:106C6000383C002093370020443E00209537002018
:106C7000403C00203C3C002094370020F8390020A4
:106C8000E039002048F2FE032989994240F07885D6
:106C9000298BA44B81B9598B71B9998B61B9D98B67
:106CA00051B9198C41B9598C31B9998C21B9DB8C06
:106CB000B3F5807F00F06485FF2A00F061859A4873
:106CC00000F0CEFD0246002840F05A850120022146
:106CD000AEE725D9B9F13A0F7CD02CD9B9F13B0FE9
:106CE00000F04E85B9F13C0F70D123788F49980799
:106CF0003FD558066AD443F040030B70FFF7D6FC2B
:106D0000012800F03D8537D3022800F03585326830
:106D1000DFF844C292F80090B9F12B0FD9D138E0D6
:106D2000B9F1060F00F01A81B9F1110F73D0B9F162
:106D3000000F4BD104E0B9F12C0F00F0218545E0A4
:106D40002378CDF800C0D90740D4784A43F0010336
:106D50001370FFF7ABFC012800F01285DDF800C0CE
:106D6000D2D298F8003003F128022A44CCF800204F
:106D700008E043F00203C0E798F8003003F128026E
:106D80002A4432605278083303EBC20388F800309B
:106D9000BDE7237803F0040000F0FF01B0B9634AB7
:106DA00043F00403137098F8002002F128032B44E9
:106DB000D87810B104202A323AE7CCF800305B785A
:106DC000083202EBC3025A4B1A70A0E704200121DB
:106DD000521B2DE707F03EFB4FF6FF73984240F041
:106DE000CF8498F800302833E85C02F071F898F806
:106DF00000302833EA18E85C517801F06BFB012879
:106E000001BF00234A4A3B8013703B88002B00F0EF
:106E1000B78400F0B1BCFFF717FDEB8D85F8069045
:106E200053B96E8D002E00F0AB84424B424D2B6067
:106E30003C4BB3F828800BE007F012FB4FF6FF73D2
:106E4000984240F09D84ECE7238A33B920342C60CB
:106E50002C683A4B9C42F7D315E09E42F6D1638AE8
:106E60000BB19845F2D123682BB963681BB9A368AD
:106E70000BB9E3685BB132482146102205F03AFEB7
:106E80000028E3D103E0012004210022D0E62D49AF
:106E900002202D4A3B8808702C49303BCAF800205C
:106EA0000A602B4A3B800023CBF80030138002F0AD
:106EB0008DF9274B1A88002A00F0628402F1300312
:106EC000184C9BB23B80283B191263711A4B083255
:106ED0001B6852BA2171197DA2850022E2851A8AA7
:106EE000E17122855A8A11216285A17104F1180588
:106EF0000FCB85E80F0004F10800294600F0F6FDED
:106F0000144B04F13C021A6007F0AAFAC04380B2A5
:106F100008B1E08502E04FF6FF73E38502F0A2FEC0
:106F200000F024BCE0390020F8390020943700201C
:106F300093370020483E0020403C0020883F00203E
:106F4000E8390020383C0020103A0020D0390020D9
:106F5000443E0020443C00203C3C0020FFF774FCF1
:106F600085F8069007F079FA4FF6FF739842B64C11
:106F700040F00684638D002B00F00284B4F828C032
:106F8000BCF1000F00F0FC83B04E344696F825901B
:106F9000B9F1000F11D0328A9A420ED1728A62453D
:106FA0000BD1AB48314610228DE8081005F0A2FD48
:106FB0009DE80810002800F01A81A64A3036964253
:106FC000E4D195F8352002F03F02022A12D1A249FD
:106FD000A24E88460B800022082A0AD0A04931F828
:106FE000121001328B42D2B2F6D100223270914699
:106FF00057E0327095F83520934B500700F1C0836D
:10700000142283F835203C223A80502283F8342021
:1070100093F8332093F8314093F82F0083F82F2012
:1070200093F8322093F82E108C4E83F82E2093F88C
:107030002D2083F82D4093F82C400130347093F8C4
:107040003060C0B283F8321083F8312083F82C60AE
:1070500083F8304083F8330060B90131C9B283F856
:10706000321039B90132D2B283F8312012B9621C20
:1070700083F830202B8D784A7A4C13806A8D6B858B
:107080002A85A4F1100595E80F0084E80F00284632
:10709000214600F02BFD54E3BEF1070F10D0013262
:1070A000D2B20A2A19D0302101FB024101F120009D
:1070B00090F805E0BEF1000FEED132700C4611E001
:1070C000B9F1000F04D0807999F826108842E6D9EA
:1070D0004FF0300909FB0249E1E74C463270002CC1
:1070E00000F04E8303222382594B84F8262084F833
:1070F0002420042284F823200FCB84E80F005A4B6D
:1071000001201A784FF0000922765A78A4F812C0AC
:1071100062769A78DB78A276E37695F82C3084F85C
:107120002500237595F82D30A083637595F82E30D2
:10713000CBF80040A37595F82F3084F8229084F89E
:107140002790E375FFF734FB95F8343003F0F00235
:10715000502A32D9454A1B09053B980096464B46B2
:107160001178834226DAEA1892F83C1011B301290B
:1071700001D101331CE0022915D192F83DC0BCF1C8
:10718000040F10D18EF80010337092F83E1092F870
:107190003F3043EA0123402BA8F8003028BF4023AA
:1071A000E383238409E0EA1892F83D2012B11344E6
:1071B000DBB2D6E78EF8001033701022224B83F832
:1071C0003520214B93F8352042F0020283F8352018
:1071D000022283F83C20042283F83D20002283F819
:1071E0003E20402283F83F203A8060226DE295F8ED
:1071F00035201F4902F0040E3446CBF800600870B9
:107200000EF0FF03BEF1000F04D0202386F8250006
:107210000B7009E20C4909F00F0991F83410B9F12B
:10722000020F4FEA11114FEA81000C4908703988AA
:10723000A1F12801A1EB000189B239801AD102F035
:107240003F0012281CE000BFE03900204C3C002029
:10725000E83900202C3E0020362600209A370020F6
:10726000343E0020F8390020953700209B3700205D
:10727000383C0020B9F1010F03D102F03F00022891
:1072800016D009B9910713D0A88DB18A884204D1CC
:10729000BC49C88DF18A88420AD0960740F10E8217
:1072A000B9F1010F89D0B9F1020F40F0078288E7E8
:1072B000D00657D5B18B002954D006F118000093A1
:1072C000FFF74CFAB04A95F8300092F800E0AD496B
:1072D0008645009B46D191F8310092F80190814596
:1072E00040D191F832C0907860453BD191F833108D
:1072F000D2788A4236D1F27696F8272086F818E0BE
:1073000086F81990B07622BB96F8242096F82600CD
:1073100096F822E0101AA0EBDE00C0B25FFA80FC03
:107320001CF0800F96F82320864418BF4042A2EB41
:10733000920218BF5FFA80FC02EB0C015FFA8EFE2E
:10734000CAB286F8232002EBDE0286F822E086F835
:1073500024208E4A0121117096F8242086F82620D8
:107360000022B28396F82510DFF8209201F00F0278
:10737000013A072A00F20482DFE812F00800250033
:10738000950059017B019501A0014B0199F800205E
:107390007E4BD1070FD5032286F82520388840225E
:1073A0001A700022B283002800F0D88042221A709E
:1073B000FFF7FEF9D2E095F8353003F03F03022BDA
:1073C00040F0DE81F9E699F80020D20760D595F803
:1073D000352002F03F02122A5AD16A4A92F834103C
:1073E00001F0F002502A36D96948090905390278B6
:1073F000DFF8A8E189008B422ADA05EB030C9CF840
:107400003C202AB3012A01D101331FE0022A15D101
:107410009CF83D90B9F1040F10D102708EF8003045
:107420009CF83E209CF83F3043EA0223594A402B07
:10743000138028BF4023F38333840CE005EB030C57
:107440009CF83DC0BCF1000F02D06344DBB2D2E730
:1074500002708EF80030032386F8253095F82C3022
:107460000120337595F82D30737595F82E30B3756E
:1074700095F82F30F375FFF79BF9444A42231370B8
:10748000454A0023B3833B8088F80030138068E0CE
:10749000202389F8003001F099FEDBF8003000224B
:1074A00083F82520A6E595F83530D80725D5CA06F6
:1074B00023D4B38B002B40F063813888013080B235
:1074C000FFF776F999F8003043F0100289F80020B0
:1074D0003A881AB12D4A43F01203137001F076FE78
:1074E0000123B383082386F82530002386F827304C
:1074F0001122244B83F83520E3E098060DD595F84A
:107500003A2095F83B3043EA0223DAF800201A4487
:10751000CAF800203A88D31A3B80388848B1CA0696
:1075200007D499F8003043F0020389F80030FFF7E0
:107530003FF995F8362095F83730318C03EB02236C
:107540009BB2144A8B42138000D803B91180138870
:10755000F38399F800309B0700F012810E4B002254
:107560001A8001F033FE094B1A780B4B02F0200011
:1075700000F0FF01A0B100221A8084F82520142217
:10758000B7E700BFE0390020D4390020383C0020A4
:107590009B37002036260020443E00209A370020EA
:1075A00002F0100000F0FF0540B119800123A38311
:1075B000042384F8253084F8271099E7198861B1ED
:1075C000D60748BFA583A28B32B9E28B914288BF10
:1075D0001A801B88A38300E01A80002384F82730D8
:1075E0006D4B1B68CAF800306C4B1B882BB1A38B0A
:1075F0001BB13C333B80182207E0694B1B789D0789
:1076000040F1BE803C233B801022664B83F835203E
:1076100059E099F80030DC0740F1B280002386F889
:1076200025305F4B10221A7001F0D0FDA8E0388899
:1076300008B1FFF7BDF895F8353013F001030FD00E
:1076400099F80030D80745BF072386F82530062370
:10765000002346BF86F82630B38386F8253016E02F
:1076600099F80020D1071BD5052286F82520B38381
:1076700086E0388808B1FFF79BF895F83530DA07CF
:107680000ED5072386F82530002386F82630012002
:10769000FFF78EF8102389F8003001F097FD0DE018
:1076A0003B885BB96CE099F80030DB0768D50723AD
:1076B00086F82530002386F8263061E0102385F80F
:1076C00035303C233B80374B502283F83420237DD8
:1076D000344D85F83030637D05F1180685F831307A
:1076E000A37D85F83230E37D85F83330237E85F83D
:1076F0002C30637E85F82D30A37E85F82E30E37E16
:1077000085F82F30238A2B85638A6B8594E80F00D8
:1077100086E80F0005F10800314600F0E7F994F81B
:10772000253003F0100303F0FF022BB1002385F88E
:10773000373085F8363004E03C2385F8362085F86C
:107740003730184C0623A371174B1B79E3713B8824
:10775000283B1A1263710023227184F83B3084F8AD
:107760003A30238706F079FEC04320870D4B602214
:107770001A7000225A705A80094B00221A7007E0D2
:107780000A4A002313700A4A3B801370044A13709C
:1077900003B0BDE8F08F00BFD0390020443E002088
:1077A000383C0020E0390020903F00209337002033
:1077B000943700200D4A0346106828B10C4A121A6B
:1077C0009142A8BF114604E0B1F5077FA8BF4FF46E
:1077D0000771002909DD074A8342118005D08AB26A
:1077E00000B90548194605F0B7B97047D0390020EF
:1077F000383C0020443E00201C3A00202DE9F34193
:107800000446154D00910E4690461F4601952346AD
:1078100012480321202206F030FE01282B4616D103
:107820002A6804F11001107020462A68023250F8CC
:10783000044B884242F8044BF9D11868089B8674BF
:107840004361099B80F813800777836100E0002083
:1078500002B0BDE8F08100BF841600208C400020FB
:1078600070B506460B4D0C4B2B602C680B4B9C42A5
:107870000BD2237833B1A27CA01C3146D20805F08C
:1078800039F920B120342C60EFE7002070BD0120D1
:1078900070BD00BF841600208C400020EC4000200A
:1078A00013B5084C80220346009201940648032138
:1078B000202206F0E2FD08B9206800E0002002B0B6
:1078C00010BD00BF88160020A83F002010B50C4A4C
:1078D0000C4B136013680C498B420DD2197849B1D7
:1078E000411C02D0997C814204D148F2FE015C889F
:1078F0008C4202D02033ECE70023184610BD00BFB5
:1079000088160020A83F00200840002010B50C4A2F
:107910000C4B136013680C498B420DD2197849B196
:10792000411C02D0997C814204D148F2FE015C885E
:107930008C4202D12033ECE70023184610BD00BF73
:1079400088160020A83F00200840002037B50446D4
:107950000F4D80230093019523460E4805211222E6
:1079600006F08BFD01282B460ED12A6804F1100188
:10797000107020462A68023250F8044B884242F8C0
:10798000044BF9D1186800E0002003B030BD00BFFF
:10799000801600202C400020F7B50546204C80239F
:1079A00000930E46174601941E48032120222B46C1
:1079B00006F063FD012830D12A46236805F1100145
:1079C00018702368023352F8040B8A4243F8040B00
:1079D000F9D12068C77416B90123037505E00023A7
:1079E00003753146183006F02EFC23680E4801213D
:1079F000997402234370FF22002302704380838026
:107A0000C38003818372C17202736B7B4373EB8902
:107A1000C381FFF79BFF206800E0002003B0F0BDAA
:107A200088160020A83F00203A26002013B5084CF5
:107A3000802203460092019406480521122206F096
:107A40001CFD08B9206800E0002002B010BD00BF96
:107A5000801600202C40002038B50546C8B10D48DE
:107A6000022200244270FF230122C27244808480DB
:107A7000C4800481847203730370EB7B43732B8A8D
:107A8000C381FFF7D3FF044A106008B106F019FD67
:107A90002C7038BD3A2600208016002010B50F4B00
:107AA0000F4C236020680F4B98420ED203784BB1E5
:107AB000037D3BB91830FDF7E1FC18B1084B18689D
:107AC000FFF7CAFF23682033EBE700F0F7FB00F075
:107AD00067F9BDE81040044806F093BBA83F0020BA
:107AE0008816002008400020EC4000202DE9F843D3
:107AF00048F2FE030A8805469A42884621D00B7850
:107B0000FF2B1ED01B4B0024A1461F461A4A1A60A9
:107B10003E681A4A964218D233787BB1B37C012B67
:107B20000CD148F2FE0372889A4207D04046B11C3D
:107B300006F0D4FC484524BF3446814620363E60DA
:107B4000E6E70120FFF7C2FE04464CB92C806C80AA
:107B5000AC80EC802C816C81AC81EC81BDE8F88339
:107B6000A31C123453F8042BA34245F8042BF9D17B
:107B7000BDE8F88388160020A83F002008400020B8
:107B800010B5FDF70BFD0446FDF708FD054B24027B
:107B90009A68A4B22044B0FBF2F302FB130000EB9E
:107BA000520010BD903F002073B52F4C00F07CF8C0
:107BB00000F09CF9002160222C4805F0A7F8002174
:107BC0002046F82205F0A2F8294B20221A70294BF2
:107BD00018221A704FF4A0632360274B40262671A9
:107BE000A360FFF7CDFF42F21073236148F2FE035A
:107BF000314640F2FF260025E06025751F4C2A46DD
:107C0000238065802B46A580E58020460095019560
:107C1000FFF7F4FD20461A4906F057FC29460122D9
:107C20002046FFF7B9FE4FF480732046E38126809B
:107C30006580A580E58025816581A581FFF786FEA9
:107C40004FF40073204626806580A580E58025815D
:107C50006581A581E381FFF779FE0A480C2102B016
:107C6000BDE8704006F0C4BA903F00208C40002070
:107C70008940002088400020C02709003A260020C3
:107C8000D8390020EC40002010B5044640B101F086
:107C9000AFFB044B2146BDE81040186803F066B9FD
:107CA00010BD00BFC4070020024B0349186803F051
:107CB00081B800BFC4070020897C2000F8B51E46AB
:107CC000154B0546174618689DF81820079B03F0CA
:107CD0009FF80446E8B12B46054603F1100E2A46EC
:107CE00018685968083303C273451546F7D104F183
:107CF000140000212774667406F0A5FA04F11C0034
:107D0000002106F0A0FA002384F82430204601F078
:107D10006FFB2046F8BD00BFC4070020024B0146A0
:107D2000186807F041BA00BFC407002070B50C4DB9
:107D30000646286803F052F8044666B9002070BD74
:107D400020463146102204F0D5FE38B1214628687D
:107D500007F0FAF90446002CF2D1EFE7204670BD97
:107D6000C4070020024B0146186807F004BA00BFA0
:107D7000C407002070B5054610200C4603F04CFAED
:107D80000649064607F0ABF930B930462946224687
:107D9000BDE8704001F0F4BA70BD00BF3B032100A4
:107DA00070B53D4D286803F019F80446002872D0DC
:107DB000637C042B6AD8DFE803F01B0369313E00C3
:107DC00004F114063046FDF759FB00285ED020462A
:107DD00000F014FA48B1032363743046052106F01D
:107DE00032FA002384F8243050E0022363744DE01B
:107DF00094F82430022B2AD804F11C063046FDF7F3
:107E00003DFB002842D0254B188800283ED194F82D
:107E100024300146013384F824302BE004F11400AF
:107E2000FDF72CFB90B304230021637484F8241025
:107E300004F11C0028E094F82430022B0BD92046D2
:107E400000F0DCF918B1037F0BB900F0B5F920465A
:107E5000FFF71AFF1AE004F11C063046FDF70EFB8F
:107E6000A0B10E4B188888B9214694F8243001330C
:107E700084F82430224600F05BFE094B3046196935
:107E80004FF47A73B1FBF3F106F0DDF9286821466F
:107E900007F05AF989E770BDC4070020CC390020EB
:107EA000903F00202DE9F04105460D480F469046D1
:107EB00006F0F3F9044688B1012D04D8094806F00C
:107EC00022FA034601E0084B1B68284666683946DB
:107ED0004246B047204606F01DFAEBE7BDE8F081C8
:107EE000181F0020F0190020EC19002008B50B48DD
:107EF00006F013FA0A4806F0CDF90A4B0A49186849
:107F000002F058FF094806F008FA094806F0C2F9DD
:107F1000BDE80840074806F0BDB900BFF8070020DB
:107F2000941A0020F407002035E52000D80700202F
:107F3000F0190020181F002008B5034640B1054A7B
:107F40005968106807F030F9BDE8084006F0E3BA58
:107F500008BD00BFF4070020014806F09EB900BF2D
:107F6000941A002008B506F0D8FA014638B1044B3F
:107F7000186807F000F9003018BF012008BD08BDDF
:107F8000F40700202DE9F0418046FFF7E5FF0026C9
:107F9000044637469CB194F82450B5420AD3404673
:107FA00004F10801EA0804F0A5FD18B9802D08D0F5
:107FB0002E462746204606F0B9FA0446EAE73C4634
:107FC00067B1084806F069F9844207D005482146A0
:107FD00006F06DF90348214606F08CF92046BDE80D
:107FE000F08100BF941A002038B5044600283CD028
:107FF0001E48214606F05BF963681BB3586806F01B
:108000004CF9054630B14368A34207D0284606F034
:1080100081F9F6E704F1080001F00CF963682946DC
:10802000586806F044F96368586806F036F928B9CC
:1080300063680F4A5968106802F098FF0D48294696
:1080400006F08FF921460C4806F08BF90B4A2046C2
:108050001368013B1360FFF76FFF04F1080102464C
:10806000BDE838400320FFF71DBF38BD941A00203B
:10807000F407002004080020F8070020EC19002075
:1080800010B5044680B1406870B106F006F920B121
:108090004068FFF7A9FF6068F7E7044B2146BDE899
:1080A0001040186802F062BF10BD00BFF407002046
:1080B0002DE9F84F074610468946904606F02DFAFE
:1080C000834610B90020BDE8F88F3846FFF75AFF05
:1080D000044660B1FFF730FF014628B14046102248
:1080E00004F008FD002859D02046FFF77DFF2D4BF6
:1080F0001A689A46182AE5D02B4E5946306807F080
:108100003AF8054668B92B4630685946042202F011
:108110007FFE05460028D5D000236860036006F086
:10812000B9F8224806F009F904460028CAD02048C8
:10813000214606F0DFF81F4806F0FFF8834620B915
:1081400021461A4806F00DF9BCE7446068685946B4
:1081500006F0C1F8DAF8003065600133306829466E
:10816000CAF8003002F018FF3B4604F1080507F199
:1081700010062A4618685968083303C2B3421546E8
:10818000F7D100210C2284F8249004F1180004F0A7
:10819000BDFD022039464246FFF784FE2046BDE879
:1081A000F88F00BFEC190020F4070020F80700202A
:1081B000941A00200408002038B505460D4806F042
:1081C0006CF80446A0B1AC420ED12146094806F035
:1081D0006EF82146084806F0C4F8211D01200A4621
:1081E000BDE83840FFF75EBE204606F093F8E8E7AA
:1081F00038BD00BFF0190020D807002038B505466B
:10820000084806F04AF8044648B1201D29461022C5
:1082100004F070FC18B1204606F07CF8F3E7204625
:1082200038BD00BFF0190020F8B505460F46FFF72E
:10823000E5FF044640B9134806F07FF80446F0B164
:108240001148214606F056F82B46261D05F1100E62
:10825000324618685968083303C273451646F7D189
:1082600037B104F11400394605F0EDFF002300E0BA
:1082700001232377002029462A46FFF713FE2046D4
:10828000F8BD00BFD8070020F019002038B50A4813
:1082900006F003F8044600255CB1251D2846FFF7CB
:1082A00045FD08B1437C23B9204606F033F8044667
:1082B000F2E7284638BD00BFF019002010B50A4883
:1082C00005F0EBFF044670B1237F43B904F11400BD
:1082D000FDF7D4F818B12046FFF76EFFEFE7204610
:1082E00006F018F8EEE710BDF01900202DE9F04374
:1082F000344C354D85B004F108030FCB8DE80F00E9
:108300002B786E46E779002B3DD001F077FCDFF843
:10831000C090804629783A2300B3814284F82830FF
:1083200013D0B9F80020521A024492B2A9F80020E2
:10833000283A131262712C312C30C8EB020220440F
:108340002144043A237104F07DFCB9F8003085F82B
:108350000080C8EB0308A9F8008014E0B9F80020F9
:10836000A371521A92B2A2F1280318122C31A9F863
:1083700000202071214404F12C002C3A637104F098
:1083800061FC85F80080114805F087FF804690B1B8
:10839000D8F804C0BCF1000F09D00D4B2A781B8817
:1083A00038322C3B3046394622449BB2E0474046A7
:1083B00005F0B0FFEAE7064B2870188005B0BDE86D
:1083C000F08300BFE0390020933700201C1F0020FD
:1083D000CC390020F8B5384B384C1B7904F118061D
:1083E000E371237E04F10805FF2B08D195E80F0007
:1083F00086E80F0028463146FFF778FB1BE02F4642
:10840000B6462F4A3B4603CB7345106051601F466A
:1084100002F10802F6D196E80F0085E80F00284B1C
:10842000284D03F110062A4618685968083303C21C
:10843000B3421546F7D1244D2B787BB301F0DEFB18
:108440002B7806463A22B0B183421C4F84F828208C
:1084500023D01E490A88D21A024492B20A80283ACE
:10846000111239717A7103F12C012C30921B3844AE
:108470003944043A0FE01549A2710A88D21A92B21F
:108480000A80A2F12801081220716171104803F1DD
:108490002C0121442C3A04F0D5FB2E702B7881223C
:1084A0002833E518E25400236B706B8005F0D2FF8F
:1084B000C0436880F8BD00BF903F0020E039002035
:1084C0004A260020F839002093370020CC390020BC
:1084D0000C3A002038B504460B480D4605F0DDFE89
:1084E00078B10379A34209D14379AB4204D18368BF
:1084F0003BB19847002038BDFF2BF8D005F00AFFAC
:10850000EEE7012038BD00BF201F002001460148D2
:1085100005F0E1BE201F00202DE9F74F4A4D8146AE
:108520002B7888469246494C53B12833E35C3A2B6A
:108530000DD1474A002313802B7003B0BDE8F08FA4
:10854000A3793A2B03D194F92830002BF1DA01F00A
:1085500025FB404E404AB446934606F1100E334682
:1085600003CB7345106051601E4602F10802F6D13C
:10857000374E2F78338804EB470030339BB2B3F586
:10858000A06F88BF4FF4A063338032882F4BD21B7B
:108590001946303A3030CDF804C0009304F052FB55
:1085A0009DE80810602222700022627062803A22E8
:1085B00017B183F8282000E09A71284A234B1279DA
:1085C000E271228972B95A8962B99A8952B9DA89F3
:1085D00042B91A8A32B95A8A22B99A8A12B9DB8AFE
:1085E000002BA6D01E4B0FCB8CE80F009BF8003061
:1085F000FF2B05D1B9F1040F9BD1B8F1020F98D12F
:1086000015491748FFF772FA2F78504607F12803EB
:10861000E21804F8039082F8018005F024FF338803
:108620002C37283BE0511A1263712B7822712833C2
:108630001C440023638005F00DFFC043608003B03D
:10864000BDE8F04F01F00EBB93370020E039002069
:10865000CC390020F83900204A260020903F002025
:10866000E83900202DE9F0411E460F461B4905461A
:108670000C4660230B7000234B704B803A238B71A8
:10868000174B90461B7900F1100ECB71331D1A1257
:108690000A714B7101F118021346286869680835A0
:1086A00003C375451A46F7D10E482C3600F1100168
:1086B000FFF71CFA0C4B1B782833E518E75400230E
:1086C0006B8085F8018005F0C5FEC043074B6880CC
:1086D0001E80BDE8F04100F00FBC00BFE039002073
:1086E000903F0020E839002093370020CC3900204B
:1086F00008B50448FFF70AFFBDE808400248FFF745
:1087000005BF00BF100800201C0800202DE9F74F0E
:10871000694C6A4DE2792B78FF2A03F12C0909EBA9
:10872000040A19F80470DFF8B48140F0BB802344D8
:1087300093F82930002B40F0B5809AF80430FF2BD5
:1087400000F0B08007F0400303F0FF061BB1237E6A
:10875000FF2B00F0A7805A48B8F8003059494FF075
:10876000140E81F800E001937346864600220260F1
:10877000019809EB030C844512DA04EB0C0B9BF80F
:10878000010018B9CEF800200B708BE014F80CC073
:1087900003EBC003DBB2BCF1020F08BF5A46E7E7A8
:1087A0000AF104000B70CEF80020FFF779F8464B71
:1087B0001860002876D1287820443030FFF7B6FAC8
:1087C000424C2060FFF7AAFAD4F800900346A24674
:1087D000B9F1000F66D03A4A146844B11946A01C9A
:1087E0000822019304F086F9019BC0B200E0204604
:1087F00099F8112027F07F0B5FFA8BFBDAB9002C78
:1088000050D054F8021F1960616859607EB101238D
:1088100089F811302E4B89F82420D9684FF47A73E7
:1088200009F11400B1FBF3F105F00DFD36E0022370
:1088300089F8113032E0B90606D428B1012A31D1C5
:10884000022389F811302DE09CB3214651F8022F04
:108850001A604A685A606EB1012389F811301C4BC6
:1088600009F11400D9684FF47A73B1FBF3F105F004
:10887000EAFC04E01CB110B1022389F81130DAF8E7
:1088800000301B7C53B1BBF1000F07D11148FFF73B
:10889000B5FC114A106008B1FFF78EFCDAF8003021
:1088A00083F810B00023A8F800302B7003B0BDE8A7
:1088B000F08F002EE3D0CFE7E0390020933700207F
:1088C0002C1F0020CE370020301F0020281F002042
:1088D000903F0020E8390020241F0020CC390020E0
:1088E0002DE9F04F884C87B0E379884FFF2BDFF8F4
:1088F000388240F002813B78E21892F83020FF2A5B
:1089000000F0FB80234493F82930002B40F0F580E1
:108910007F4E804D336014232B703B782A782C33A4
:10892000B8F800101A448A425BDAA1184878764BEE
:10893000002800F0E280A25C012A48D11A89316047
:108940007AB95A896AB99A895AB9DA894AB91A8AAE
:108950003AB95A8A2AB99B8A1BB9E38A002B00F0DC
:10896000CC806D48FFF7E2F9DFF8C0A1CAF800003B
:1089700080B9336823B153F8020F02AA596803C2C1
:10898000052300220093019202A902236248FFF707
:1089900095F91CE0FFF7C2F983463368594603F1A5
:1089A00002094846082204F0A5F850B1D9F8003071
:1089B000CBF80030D9F80430CBF80430DAF80030C6
:1089C00003E0DAF800305A7C0AB902225A743B7884
:1089D0002A782C33134423445B7802EBC3022A70B9
:1089E0009BE702ADAE4623441A1D14337646106849
:1089F0005168083203C69A42B646F7D12846FEF7B8
:108A00004FFF464B18609946002876D022893E4B8E
:108A100072B95A8962B99A8952B9DA8942B91A8AFD
:108A200032B95A8A22B99A8A12B9DB8A002B64D0E9
:108A30003948FEF735FF384E00285ED140F2FF225C
:108A4000218B914252D1728A002A4FD1B28A002AD8
:108A50004CD1F28A002A49D1328B002A46D1728B3E
:108A6000B2F5807F42D1337FFF2B3FD196E80F00D4
:108A7000DFF8B0E08EE80F0095E80F0086E80F0001
:108A800060232370282363713A23A371FF230026F8
:108A9000E37188233E7084F828300EF11807E02334
:108AA00084F82C30667095E80F006680267184F893
:108AB000296087E80F001A4A022384F8403084F8BE
:108AC000413013680EF13200C4F842305368314629
:108AD000CEF82E30062204F019F9668505F0BAFCAE
:108AE000C04350236085A8F800300AE00D48FEF727
:108AF000D7FED9F800308342B8D00023A8F8003060
:108B00003B7007B0BDE8F08FE039002093370020BC
:108B10002C1F0020CE370020E8390020301F002015
:108B2000D8390020F8390020CC390020281F002037
:108B30002DE9F041524C534F00233B70637063802A
:108B40003A238046A3716020FF232070E37199B916
:108B50006183A183E183218484F822100220012112
:108B60002376607684F8231084F82430537B84F8CD
:108B70002530D389E3840CE00B4604F1180601F19B
:108B8000100E354618685968083303C573452E46DC
:108B9000F7D1872384F82830002384F82930E36252
:108BA0001346394E02F1100E3546186859680833DD
:108BB00003C573452E46F7D1002626711046304D69
:108BC000FEF76EFE002843D1B8F1000F0CD04346EB
:108BD000083508F110062A4618685968083303C298
:108BE000B3421546F7D105E005F1080005F118017B
:108BF000FEF77CFF2289224B244D8AB95A897AB923
:108C00009A896AB9DA895AB91A8A4AB95A8A3AB92A
:108C10009A8A2AB9DB8A1BB92B803B70BDE8F081A8
:108C2000282363713B7801224033E254184AE0184C
:108C30000223437013680A3040F8083C536800214F
:108C400040F8043C062204F061F850232B800CE02D
:108C500018236B710D4B40222E816E81AE81EE8107
:108C60002E826E82AE82EE821A803B7828331C44BC
:108C70000023638005F0EEFBC0436080BDE8F08117
:108C8000E039002093370020103A0020CC39002032
:108C9000D839002008B50448FFF738FCBDE8084083
:108CA0000248FFF733BC00BF28080020340800202A
:108CB00038B54388044613B1B72B27D03AE012B930
:108CC0004280022038BD4160028219E01C4B1B78B3
:108CD00003F0040202F0FF05E2B9DB072ED5194AC2
:108CE000238A10686168C28B934283BF9A1A2282DA
:108CF000C28B5B1887BF8B1863606360258201237A
:108D000084F82030238A9BB1B723638094F8203005
:108D1000062BDBD00B4A238A12686068D18B8B420A
:108D200098BF1946FEF746FD062384F8203005E07B
:108D300084F8203000236380032038BD002038BD34
:108D4000383C0020483C0020438A6BB990F8202032
:108D5000022A15BF054B0322187880F8202014BF83
:108D6000C0F340001846704701207047383C00208F
:108D700038B5438804460D461BB1B3F5837F09D04F
:108D800035E0838BC26803834261638A4BBB4FF437
:108D9000837363802046FFF7D7FF002834D0022377
:108DA00084F82030194B1B68A360194B1B88638221
:108DB00017E0002BE9D0A268636912781A70A368E3
:108DC000AA4203F10103A360636903F10103636134
:108DD000638A03F1FF336382238B03F1FF33238321
:108DE00009D0228B638A002AE3D123B9CDE700237F
:108DF0006380032038BD228BA38B9A42F7D10020D9
:108E000084F82000608038BD38BD00BF443C00209D
:108E1000CC39002008B5054805F005FA20B1BDE8B9
:108E20000840024805F0F6B908BD00BF7C1F0020CD
:108E300008B5002204480221FCF7DEFA034A0023A9
:108E40001380034A137008BD40080020CC3900206D
:108E500093370020024B1B6803B118471846704730
:108E60008C1F0020014B1860704700BF8C1F002032
:108E7000024B1B6803B11847704700BF341F002026
:108E800000230749CA18595A29B9064B10801B6894
:108E90005360FDF777BD0833402BF2D1704700BF18
:108EA000381F002058130020024BC1621B688362E8
:108EB000704700BF5813002010B51446FDF7F0FCB2
:108EC00018B1024BC4611B68836110BD58130020A8
:108ED00007B5074B8DF80700186828B1054B0DF151
:108EE00007021978FCF788FA03B05DF804FB00BFAD
:108EF0002C3E0020FD420020F7B5404E3388002B69
:108F000079D0B3F5A06F72D83D4B1A8B72B95A8BDA
:108F100062B99A8B52B9DA8B42B91A8C32B95A8C2F
:108F200022B99A8C12B9DA8C002A60D01B7EFF2BF2
:108F30005AD03448FEF794FCC0B93248FFF722F803
:108F4000044620B9FFF7A2F9054680B94FE0FEF7C5
:108F5000F3FF054658B9E36913B1186A06F0A8F89B
:108F6000204603B0BDE8F040FFF73EB8254D284647
:108F700000F0D0FD0746D0BB2846FEF7D7FE0446DA
:108F800010BB05238DE818002846214622462346BB
:108F9000FEF794FE054650B31B48FEF781FC0146E0
:108FA00008B1214618482A46FFF7C2FD174B05F1C4
:108FB0001C0019694FF47A73B1FBF3F105F043F922
:108FC000012385F824300FE0437C83B1022B07D1C5
:108FD000032343740521143005F035F984F8247017
:108FE0002046FEF79BFE00E00020FFF733FF084A13
:108FF00000233380137003B0F0BD00BFCC390020D4
:10900000E0390020F8390020E8390020903F0020A6
:1090100093370020F8B50388064614463BB140F26A
:109020007F32934225D0002303800320F8BD5649A8
:10903000564A1160564A002122F833100133082B9A
:10904000F8D1544B1B681364FCF732F9524B18707B
:10905000FCF72EF9514B40211870514805F0C8F823
:10906000FDF7BCFB00F0F6F940F27F3333800120BE
:10907000F8BD022917D14B4B1A881C46002AF3D0A1
:10908000494B9A79062A05D193F835309B0701D5CB
:10909000FFF7C0FE0120FDF78DFC2388002BE3D0F5
:1090A000FFF72AFFE0E716D859B9002CDCD03F4B78
:1090B00003201C60FDF77EFCFFF71EFFFFF7AAFEF2
:1090C000D2E70129D0D1002CCED0394B05201C602D
:1090D000FDF770FCE4E787292AD08829C4D1304BFA
:1090E0009C4203D0334B9C42BED119E0204605F090
:1090F0009AF80028F6D000252F4F2F4497F82530F6
:109100004BB1274805F086F8284B02201F60FDF779
:1091100051FCFFF7F1FE3035B5F5C07FECD1E1E74A
:10912000204605F080F800289ED0FEF7B7FCB7E790
:10913000224D05F1400755F8043CA34208D135F80B
:10914000080CFDF705FC002325F8083C45F8043C15
:109150000835BD42EFD1184B9A6A3033A24202BFA4
:10916000002243F8082C03F80B2C154A9342F3D144
:10917000144B9A692033A24204BF002223F8102C1A
:10918000114A9342F5D16FE7318E2000341F002041
:10919000381F002058130020FC420020FD42002010
:1091A0007C1F0020CC390020E0390020483C002002
:1091B000403C0020EC4000204C3C0020401F0020A0
:1091C000CC3D0020483E0020883F002010B5144BC5
:1091D0001B6813B103F1280402E0124A1468183422
:1091E000114A1278520611D5198A00230F4A985A4B
:1091F000884206D11A4452681AB100232260636083
:1092000002E00833402BF1D1FFF704FE206830B1B3
:10921000074B62681978BDE81040FCF7EDB810BD47
:10922000483C0020403C0020383C0020381F0020F3
:10923000FC420020F7B5054628B9224803B0BDE836
:10924000F040FBF775BA0388ABB94488ACB98388A2
:10925000A3B9C4888CB9038983B94FF6FF724189D9
:1092600091420AD1017B427B837BC07B00901648F0
:10927000FBF75EFA24E0002400E01C462646AB190A
:109280005B78AF5D03EB0727BFB24FB9002C09DB5A
:1092900001D0013411E00D48FBF74AFA01240CE03B
:1092A000002C04DC2EB13A2004F004FF01E04FF062
:1092B000FF3407483946FBF73BFA0236102EDED161
:1092C00003B0F0BD0A03210019032100C0FA2000F9
:1092D000C3FA200010B50A4C79B10A4BB2F50A7FE7
:1092E000186022800848A8BF4FF40A7203F0AAFC55
:1092F0000420FDF75FFBFFF7FFFD0023238010BD77
:10930000443E0020403C0020103A0020014B1878D9
:10931000704700BFCF3700207FB5FEF71DFE38B184
:109320008369013BDA1C98BF836105F0FFF8F6E71B
:10933000FEF712FE0446F4B1A669C6B904F10803AB
:109340000FCB8DE80F002046FEF74EFEFEF704FE21
:109350000A4B04461A68D368B2F8A420998B91424C
:10936000E9D098696946324601F038F803E02046B2
:1093700005F0DCF8DEE704B070BD00BFFC40002063
:10938000F0B548F2FE03044685B0184DADF8003044
:109390000F46002368462146ADF80230ADF8043090
:1093A000ADF80630ADF80830ADF80A30ADF80C3045
:1093B000ADF80E30164605F088F895F89530012B7B
:1093C00012D12846694605F026FA044660B1437B6F
:1093D00043F001034373AB685B682BB139463246F7
:1093E0009847FAF7A1F9A06005B0F0BD0041002050
:1093F00008B50146074890F89530012B09D105F0D2
:109400000AFA30B14FF6FF738380437B43F00103C8
:10941000437308BD0041002038B50D4B93F89520EB
:10942000AAB103F1100403F19005637D1BB9403428
:10943000AC420CD0F9E7E36B13B1013BE363F6E711
:10944000A37D002BF3D1204605F0B6FAEFE738BD37
:10945000004100201FB5134B00241C6000F072F87F
:1094600001F092FB01F082F940F2FF236846ADF86B
:1094700000304FF4D053ADF80E30ADF80240ADF8E7
:109480000440ADF80640ADF80840ADF80A40ADF82C
:109490000C40FEF75BFA044B20461B68984704B06B
:1094A00010BD00BFFC4000209408002070B50D46A0
:1094B000044658B18169A94208D0054E306801F0D0
:1094C00075FD3068294601F067FDA56170BD00BFDC
:1094D0005008002038B50D4604460021102203F044
:1094E00015FC2A7D294607322046D21003F034FBB2
:1094F0002046BDE83840014904F0E7BFD8390020D4
:1095000008B5FEF713FCFEF709FC034B014618688B
:10951000BDE8084005F02FBE5008002008B5074BF5
:109520000146186805F040FE014628B1044B186852
:10953000BDE8084005F01FBE08BD00BF5008002070
:10954000C4070020024B0349186801F033BC00BF78
:1095500050080020B5E92000024B0146186805F0CC
:109560000ABE00BF5008002008B5044B0146186829
:1095700005F01AFEBDE8084004F0CDBF50080020F9
:1095800038B50B4C054694F8951071B94FF4BA7282
:10959000204603F0BBFB0123204684F8945084F856
:1095A000953001F015FB204638BD002038BD00BFC6
:1095B0000041002070B5064610460D4604F0ADFF90
:1095C000014608B9002415E00B4B012218682B4610
:1095D00001F01EFC04460028F4D0FFF79FFF266030
:1095E0006B8AA3806B7E237320B1438A13B94FF437
:1095F00000734382204670BD50080020F8B51B4F11
:109600000646386801F0EAFB04460025DCB1236811
:10961000B34212D14FF6FF73A2889A420DD0336A3B
:10962000B3F8A410914208D835B19B682846DB688E
:1096300021469847054600E025462146386805F052
:1096400083FD0446E2E75DB130462946FFF72EFF71
:10965000336AB0699B6821465B699847B08302E032
:109660004FF6FF73B3832846F8BD00BF50080020B3
:1096700010B5044605F07AF9034B2146BDE81040C9
:10968000186801F073BC00BF5008002070B5094D88
:109690000646286801F0A2FB044650B123689E42AA
:1096A00002D12046FFF7E4FF2868214605F04CFD73
:1096B000F2E770BD50080020044B93F8950020B1EC
:1096C000D868837D002B08BF002070470041002030
:1096D000064A92F8953033B192F8943083420CBF29
:1096E0001046002070471846704700BF0041002018
:1096F000034B9A8B82420CBF18460020704700BF74
:10970000940800202DE9F8438046088A0C46FFF7AC
:10971000EFFF814600287CD0207E214605F087F9A6
:109720000646002875D021464246056AFFF742FFEB
:10973000074618B985F89500BDE8F883637E037382
:1097400094F851305B0604D5002004F13C0104F08C
:10975000D6FF0123B375A37D04F110013375237D7A
:10976000F374E37DB374C5F80890637DEE6085F80B
:109770009730F02385F89630238CA5F8A230638CBF
:10978000A5F8A430A37E85F89830E27E134485F8CE
:10979000992085F89C30237F324685F89A30637F84
:1097A00085F89B30E38BA5F8A630234653F8040BCD
:1097B0008B4242F8040BF9D104F13C0306F1240278
:1097C000543453F8041BA34242F8041BF9D1394620
:1097D0003046FFF76BFEAB6828469B699847AB683D
:1097E00038465B69002198470B4BB0831A6830827A
:1097F00002B91D60284605F05BFC2846414604F08E
:10980000E7FF95F8973023B12846BDE8F84305F007
:109810005DBCBDE8F88300BFFC4000202DE9F041AD
:10982000044678B300F1100500F190086B7DA3B9F0
:1098300040354545FAD1002384F8A130204605F093
:1098400037FC94F8963013F0800F03F1010308BF42
:1098500003F07F0384F8963014E04FF6FF730A4F4D
:10986000AB83386801F0BAFA06460028E0D03368C6
:109870009D4202D1304605F079F83868314605F04E
:1098800063FCF1E7BDE8F0815008002038B50D4DCC
:10989000286801F0A3FA044690B122685AB1136A0D
:1098A0004BB1637BD90706D523F001036373106ABC
:1098B000214605F0E2F82868214605F045FCEAE774
:1098C00038BD00BF500800202DE9F84FDFF808919F
:1098D0003F4C99F80030054628331A195278C8468B
:1098E0002746002A68D103441A191B5D632B63D1F4
:1098F0005378042B60D1D078FFF7EAFE06460028A3
:109900005AD099F8003028332B44234493F802901E
:1099100019F0200F08D004F11800FEF733FB0028DF
:1099200047D0FEF761FB44E0C268917D002943D037
:10993000B3F804B0908B9BFA9BFB1FFA8BF3984211
:10994000244B4FF00F00D3F800A094BF0024012453
:1099500001F062FC0146504605F00DFC5FFA89F902
:10996000824668B198F8003028332B443B449B78FA
:109970005B0605D5A0F804B05146304604F05AFF06
:1099800019F0800F01D0FCB900E0ECB1BAF1000F82
:1099900004D0C6F850A1304601F010F998F8003014
:1099A00028331D443D44AB7803F0400202F0FF0031
:1099B0002AB1304605F07CFB0120BDE8F88F43F06A
:1099C0004003AB70BDE8F88F0020BDE8F88F00BF02
:1099D000E039002050080020933700202DE9F84F8F
:1099E000484D494E95F806A000243778B0463470AB
:1099F000BAF1000F19D195F82940002C7DD195F8C6
:109A00002A30632B79D195F82B30042B75D195F83A
:109A10002D00FFF75DFE002872D090F8953093B3CB
:109A2000C168887D90BBBDE8F88FDFF8E4B0BBF873
:109A30000090B9F5147F60DC05F12806A9F1280231
:109A400005F13000314603F0FDF86A796323AC621A
:109A500085F82A30042385F82B3002F10803DBB2A5
:109A600093426B7138BF2B7909F1080938BF013374
:109A7000EC6285F828A0AC71ABF8009038BF2B7170
:109A8000083788F800700020BDE8F88F33782A3353
:109A90005A195B5D632B30D18B8B05F118005BBAD3
:109AA000938092F90230002B15DAFEF76BFA00284A
:109AB000E7D133780F202A332B449A7842F02002E2
:109AC0009A7001F0A9FBFFF747FDC0B10F490022D2
:109AD00000F084FC13E0FEF755FA30B932782A32F0
:109AE000AB189A7802F07F0205E033782A332B44D2
:109AF0009A7862F07F029A70C3E73770C3E701205B
:109B0000BDE8F88FE039002093370020F8390020B5
:109B1000CC390020F8B51E4D1E4AAF79002392F8CB
:109B200000E00146137016462C4667BB95F82900E5
:109B300010B182F800E026E095F82A30632B25D199
:109B4000EB8D1BBB144A13681546F3B193F89520AF
:109B5000DAB1D868837DC3B104F052FE18B103684E
:109B60009B69984204D033788022234483F82C20C8
:109B70002A68337892F894102A332344D970D26833
:109B8000928B52BA9A800020F8BD0120F8BD00BF28
:109B9000E039002093370020FC40002010B5134B23
:109BA00000221A70124B9A79FAB9124993F82820B8
:109BB00093F829409A710A885879083A121B92B290
:109BC0000A80A0F10801091BC9B28142597188BFFE
:109BD0001979094884BF01F1FF311971283A00F160
:109BE0000801BDE8104003F02DB810BD93370020E8
:109BF000E0390020CC390020083A0020F8B5174C95
:109C0000174EA07900233778337010B1377018469B
:109C1000F8BD94F82A30632B1DD194F82C3094F8B9
:109C20002D0023F07F0383F0800384F82C30FFF7AE
:109C30004FFDC3689D8B33782D022A331C44E07896
:109C4000FFF746FDC368ADB29B8B377045EA13251D
:109C5000A5800820F8BD3770F8BD00BFE0390020AE
:109C600093370020044B1B682BB1044B1B7EFF2B4A
:109C700001D0FFF7B3BE7047FC400020E039002060
:109C8000114A30B513460021157E92F82A40A5B13D
:109C9000012C12D8947EFE2C0CD003EB411303F15F
:109CA0001A022A3352F8041B9A4240F8041BF9D1D5
:109CB000012030BDD47E802CEFD10131032902F187
:109CC0002002E1D1002030BD903F00202DE9F0417D
:109CD00006460D4617469846FFF718FB012855D053
:109CE000002E53D03468002C50D0236A002B4DD066
:109CF000002D4BD0264A93F894301178254A2C3108
:109D0000002F535401EB02000CBF4023C0234370CB
:109D100000238370234680F80380021D04F11001A4
:109D200053F8044B8B4242F8044BF9D129460523E2
:109D3000037512234375002383758023C37505F1D2
:109D4000100200F1180351F8044B914243F8044B00
:109D5000F9D1062380F82830042380F82930002325
:109D600080F82A3080F82B3080F82C3080F82D7065
:109D70003046FFF7F9FB48B13046FFF7F5FBBDE889
:109D8000F0419B2102222E23FEF76CBCBDE8F0813E
:109D900093370020E039002030B5054685B0002813
:109DA0003ED00368002B3BD01C6ACCB394F8A030A3
:109DB000042B14D94FF6FF73B4F8A6209A4203D1AE
:109DC00094F89B30FF2B2BD0A3689B681BB12846CF
:109DD0004FF0FF3198472046FFF720FD20E068460E
:109DE000FFF74EFFE0B1FBF7D9FB4FF4A073B0FBD8
:109DF000F3F101FB130081B2194404F5AA70094A7A
:109E00002B46FBF7D5F894F8A0302846013384F8A8
:109E1000A030694694F89B2094F89F30FFF756FFD6
:109E200005B030BD999D20002DE9F8432D4DDFF898
:109E3000BC902B782C3303EB090719F8030097F833
:109E40000280FE78FFF744FC044628B9264A002326
:109E500013802B70BDE8F88309F10801C06804F095
:109E6000CFFC81460028F1D094F89F30434510D1B3
:109E7000F343C3F3C01384F8A13004F5AA70FBF7D1
:109E8000D9F8A3689B68002BE0D048463146984734
:109E9000DCE7FEF761F804460028D7D094F82030BC
:109EA000434514D194F822309A0710D523F00203C9
:109EB00084F822302046FEF73FF860B194F8213054
:109EC0009B21BB7003220423FEF7CCFB03E020465A
:109ED00004F02CFBDFE73306B8D52046FEF784F804
:109EE000B4E700BF93370020CC390020E0390020D0
:109EF0002DE9F04F9FB000215C2207A802F006FF79
:109F000008238DF836300C238DF837300A238DF86E
:109F100038304FF48073ADF83E304FF4E063ADF865
:109F20003C30864BDFF820E29B8B854DADF82C3022
:109F30001E238DF83930834C3C23ADF83A3003AF03
:109F40000EF108030FCB267887E80F002B7802214B
:109F5000F61A2C3303EB0E0B1EF8033058468DF81F
:109F600034309BF80130A8468DF8333004F0D8FF28
:109F7000A1469BF804302C3E23F07F028DF8302060
:109F8000C3F3C20203F007038DF832309BF80530AB
:109F9000F6B28DF83530ADF82E008DF831200BF18A
:109FA00008030DF11C0E0BF1180C72461868596865
:109FB000083303C263459646F7D11824B44280F2B1
:109FC000B0801BF8043023B10BEB04025578023546
:109FD00000E0012505EB040AB24500F3A680023B30
:109FE000062B00F29C80DFE803F00432519A9A9A23
:109FF0007D00052D40F399800BEB0403D9781A7985
:10A00000490041EAD2118DF87110C2F3011102F03A
:10A010000F0298788DF873205A798DF870008DF8BA
:10A0200072108DF87420002879D0072806D1584680
:10A03000A11D04F075FFADF8760070E0022874D120
:10A040009A79DB798DF876208DF8773067E0082DE6
:10A050006BDD0BEB04029378D278211D58468DF806
:10A06000543001938DF8552004F045FF019B149066
:10A07000DA1DD210D11DA94257DA802B55D804F130
:10A08000080110A8594402F067FD48E0102D4CD19A
:10A090000BEB0405EB78A11D8DF836302B79584673
:10A0A0008DF837306B798DF8383004F039FF04F1D2
:10A0B0000801ADF83C00584604F032FF04F10A01F3
:10A0C000ADF83E00584604F02BFF6B7BADF82C003A
:10A0D00004F10E0158468DF8393004F021FFADF837
:10A0E0003A001CE0202D20D10BEB04039A78DB789A
:10A0F00004F1080158468DF86C208DF86D3004F09D
:10A10000FAFE10345C441A9016AA04F110051346A6
:10A1100020686168083403C3AC421A46F7D154463C
:10A120004CE7384607A904F063FD0023A9F8003086
:10A1300088F800301FB0BDE8F08F00BF9408002001
:10A1400093370020CC390020E03900201FB5124B96
:10A15000124A1B7800212C339C186170D154A0B98D
:10A1600040F2FF23ADF80200ADF80400ADF80600A0
:10A17000ADF80800ADF80A00ADF80C006846ADF87F
:10A1800000304FF4D053ADF80E309B210022022353
:10A19000FEF768FA04B010BD93370020E0390020C4
:10A1A0002DE9F04F0546774B774A1B78894690F8A2
:10A1B0009410C6682C33D1549C18B37C0221637070
:10A1C000B28B85B0204604F0B1FE00212171F37CF2
:10A1D0008B4218BF8023237195F8972043EAC2036E
:10A1E000DBB22371327D02F007021343237195F82D
:10A1F000963004F1080263713346A171E17106F1F2
:10A20000100153F8040B8B4242F8040BF9D12B7860
:10A210004BB3AB6828469B699847062302212176F9
:10A2200063762B78A3766B785B08E3766B78DB013B
:10A230002377AA7843EA0213EA78134323772B782B
:10A24000072B06D1617720461E21EA8804F06EFEB6
:10A2500007E0022B40F093806377AB79A377EB792B
:10A26000E377202700E0182704EB07080E234FF0C0
:10A27000000A4FF0040B04F807B088F8013088F8A2
:10A2800002A095F89830204688F8033095F8993068
:10A29000B91D88F8043095F89A3088F80530B5F87B
:10A2A000A22004F043FE204607F10801B5F8A420DF
:10A2B00004F03CFEAB6820469A8B07F10A0104F0DB
:10A2C00035FE88F80CA095F89B30204688F80D30B4
:10A2D000B5F8A62007F10E0104F028FE96F8382004
:10A2E00007F110036AB30822E2541E2388F81130E4
:10A2F00096F83830204688F8123096F8393007F151
:10A30000140188F81330726B04F001FE2046726B62
:10A3100007F1180104F0FBFD07F11C0020445A4628
:10A32000514602F0F3FC07F1200306F124021C441D
:10A33000343652F8043BB24244F8043BF9D107F1F9
:10A340003003B9F1000F15D140F2FF22ADF8002023
:10A350004FF4D052ADF80290ADF80490ADF80690ED
:10A36000ADF80890ADF80A90ADF80C90ADF80E205D
:10A37000684600E048469B210122FEF773F905B0CC
:10A38000BDE8F08F93370020E039002038B50F4C3E
:10A3900094F89530012B13D10D4D2B7EFF2B0CD053
:10A3A00005F108000321002204F0C5FD40B120465C
:10A3B00005F10801FFF7F4FE02E0204604F078FE04
:10A3C000044A00231380044A137038BD0041002062
:10A3D000E0390020CC39002093370020014B1B7856
:10A3E000FFF774BC310A002030B585B004466846DA
:10A3F0000D46FFF745FC10B30CB32368FBB1186A98
:10A40000E8B1104A137813F0800F03F1010308BF7D
:10A4100003F07F0313706DB1137800F5AA7000F894
:10A42000B53C012300F8B43C4FF42071064A2346A2
:10A43000FAF7BEFD204669462A46FFF7CFFF05B072
:10A4400030BD00BF310A0020999D200070B50A4C34
:10A4500090F894002478094E2C343055A51900202A
:10A460006870AA70EB700846BDE870409B2103221B
:10A470000423FEF7F7B800BF93370020E03900202F
:10A480002DE9F04FB44C8FB004F1080306AF0FCBA9
:10A4900087E80F00B14BB24A1B78128802932C3325
:10A4A000E05C03EB040A0392FFF712F9044600286C
:10A4B00000F0418190F89B30C5680093AB8B9AF80F
:10A4C00001800493B0F8A43018F0400F9AF80360AC
:10A4D00005930BD028460AF10401102202F00AFB72
:10A4E000002840F028814FF0140B01E04FF0040BDE
:10A4F0009DF81820FF2A01D1022314E0284639468E
:10A5000004F07EF970B1B4F8A4708188AA8BB1FB15
:10A51000F7F1B2FBF7F29142C0F01581AA699042BF
:10A5200000F01181012301934FF00009039B029A6F
:10A530009F1A2C3FFFB2BB4522DA1AF80B10E1B18B
:10A540000AEB0B025778052907F1020704D0062908
:10A5500014D15379009311E092F803900AA80021D6
:10A56000102202F0D3FB09F107020BF104010AA843
:10A570005144D21002F0F0FA00E00127BB44D5E7C5
:10A580000AA8FDF7FFFC009B8346DFF8D0A1002B53
:10A5900049D1002842D090F82230DB073ED490F811
:10A5A00024304B453AD1FDF7C7FCB8B35846FDF708
:10A5B000C3FC06A9102202F09DFA78BB9BF822305A
:10A5C00043F001038BF822303C23CBF81830A86904
:10A5D00020B3FEF7C9FF08B3624A9AF80010137857
:10A5E0008BF8216013F0800F03F1010308BF03F023
:10A5F0007F0313709BF82230127843F002038BF82C
:10A600002230594B8BF820200B44DA70A869FEF7F2
:10A61000ABFF9B2102223B46FEF724F818F0800F87
:10A6200000F0898081E0059A049B0221981AD0F1FC
:10A63000000B4BEB000B224606A804F07CFC38B163
:10A640004A4628460AA906AB04F00AF8814658B9DA
:10A6500018F0800F6FD0BBF1000F204606A93246DC
:10A6600014BFFF23802364E0009BFF2B1BBFB4F8C3
:10A67000A630009A4FF0FF335343836190F82230A5
:10A6800023F0010280F82220019A012A53D118F008
:10A69000800F1FFA86FB10D0990703D490F8213061
:10A6A0005B450DD0B5F81C80B4F8A430C3EB0802AC
:10A6B000D2F1000848EB020804E04FF0000801E086
:10A6C000DDF80480A86968B3FEF74EFF50B399F82F
:10A6D00022108B0706D599F821305B4502D199F8F5
:10A6E000202012E01F4A41F00201137889F821600E
:10A6F00013F0800F03F1010308BF03F07F03137011
:10A70000127889F8221089F820209AF80010164B48
:10A710000B44DA70A869FEF727FF9B2102223B4613
:10A72000FDF7A0FFB8F1000F05D02046324606A97C
:10A730000023FFF78BFE0A4A00231380074A137099
:10A740000FB0BDE8F08F4FF6FF738380437B43F07B
:10A7500001034373EFE700BFE03900209337002087
:10A76000CC390020310A00200C3A002008B50748F7
:10A77000FDF7CCFE0648FDF7C9FE0648FDF7C6FE0C
:10A78000BDE808400448FDF7C1BE00BF70080020C6
:10A79000880800207C080020640800202DE9F74F7D
:10A7A000394A13683BB90121116038484FF4F05120
:10A7B000374AFAF7FDFBDFF8E8A0364E364FDFF8F0
:10A7C000E480DFF8E4900024DAF8000034803C6094
:10A7D000C8F80040C9F8004000F000FB0546002D15
:10A7E0004BD0DAF80000294604F0DEFC8346284608
:10A7F000FDF7B8FB30B1D9F8003001210133C9F8B9
:10A80000003000E0014658460191FEF7A5FE01998F
:10A8100028B3D8F8003002680133C8F8003012B10C
:10A820009369834221D001BB4FF6FF7EB6F800C08A
:10A83000184BF44519D0B0F804E0BEF1000F14D065
:10A84000019392B1126A82B1926852699047019B5A
:10A850001A88824209D21880C7F800B005E021B9F1
:10A860004FF6FF73C7F800B033802946DAF80000CE
:10A8700004F06AFC01340546B1E7084BC4F1140446
:10A880001C6003B0BDE8F08FF0200020D020002035
:10A89000ADA820005A260020F8200020FC2000202F
:10A8A000C407002000210020F420002008B5FFF795
:10A8B00075FFBDE808400148FAF7A0BBD020002092
:10A8C00008B5FFF76BFF044B1B68112BDABF034B76
:10A8D0001868002008BD00BFF4200020F8200020E8
:10A8E00038B50D46FFF75AFF287EFEF7F1FE044605
:10A8F00008B9002038BDC368002BFAD08368698A84
:10A900005B6900209847054BB4F8A4201B88A3EB93
:10A9100052039842EDDA024B186838BD5A260020DF
:10A92000F820002010B50C46FFF738FF44B1E3686B
:10A93000B4F8A4209B8B934214BF1223142300E08D
:10A940001223044A12689A42BABF034B18680020C7
:10A9500010BD00BFF4200020F8200020022806D0FF
:10A96000032807D0012808D10548FFF7B9BF0448DC
:10A97000FFF7D8BF0248FFF7A3BF0020704700BF12
:10A98000E839002070B590F89C30012606FA03F4EF
:10A990004FF47A71E401B4FBF1F4C0F8A840054625
:10A9A000FAF7FCFD4FF6FF71F4406043B0FBF1F1A4
:10A9B000D5F8A83021445B1AC5F8A830002385F8E3
:10A9C0009E3085F89D6005F1D0002B46BDE87040B3
:10A9D000014AFAF7EDBA00BF5DAA200010B50C4C91
:10A9E000FEF71AFDFEF798FCFEF750FF23880133AF
:10A9F0002380FEF761FE28B922883B2A02D92080F5
:10AA0000FFF7A4FBBDE810400248FAF7DBBA00BF2D
:10AA10005C2600200421002070B50546FEF776FC78
:10AA2000012818D095F89B40FF2C14D0B5F8A6202B
:10AA30005443FAF7B3FDE4016608A408B0FBF4F14F
:10AA400001FB14012B4605F588703144024ABDE82C
:10AA50007040FAF7ADBA70BD31AB200070B51D4D36
:10AA600004462B7853B90120FCF730FF10B10123C5
:10AA70002B7003E004F1D000802114E094F89D30A5
:10AA8000BBB194F89A301BB194F89E209A4203D23D
:10AA900020460021FFF784FB0023D4F8A81084F897
:10AAA0009D3004F1D0002346BDE870400A4AFAF711
:10AAB0007FBA94F8991094F8982094F89C300A443E
:10AAC0009342BCBF013384F89C302046BDE87040FF
:10AAD000FFF758BFD03700205DAA200070B50546AB
:10AAE0000C46FEF713FC01281ED005F1F406304693
:10AAF00003F09EFB304603F096FBA8B144B1FAF791
:10AB00004DFDB0FBF4F101FB140000EB540100E03B
:10AB1000214605F1F0002B46044AFAF749FA284687
:10AB2000BDE87040FFF778BF70BD00BF31AB2000BB
:10AB300070B5134B04461B7800F1F0055BB901209A
:10AB4000FCF7C4FE38B928462346BDE87040802192
:10AB50000C4AFAF72DBAE368986918B194F89B107B
:10AB6000FFF742FC2846FAF765FA04F58A7003F00D
:10AB70005AFB20B12046BDE87040FFF74DBF70BDC5
:10AB8000D037002031AB200010B5FAF707FD3C2389
:10AB900058434FF6FF73B0FBF3F0054B19301880A4
:10ABA00080210448044A0023BDE81040FAF700BAA7
:10ABB0005C26002004210020DDA92000034600219E
:10ABC00000F59870014AFAF7F3B900BF95F020003C
:10ABD00010B50446FAF7E2FC4FF47052B0FBF2F104
:10ABE00001FB120081B2234604F1AC0001F5F051E3
:10ABF000024ABDE81040FAF7DBB900BF01AC200003
:10AC00002DE9F047D0F8CC20064613460133022B3D
:10AC1000A8BF00239901701890F82500B0B31A4618
:10AC200001F110003518C6F8CC20F8F77DFDB0F51D
:10AC3000163F8CBFA0F596384FF001083DB1286A49
:10AC4000C0B1A869B0B18368434513D301E0284679
:10AC500010E0FAF7A3FC10F0010433D1DFF894A060
:10AC60004FF6FF79DAF8000000F0B8F807468FB920
:10AC700044B32046FEF778FC014610B13046FFF79A
:10AC80008FFA3046BDE8F047FFF7A2BF9342BDD12F
:10AC90000546C8E73B68AB420DD1BB6843450AD2C5
:10ACA0002B6A38469B6800215B6998470CB1484580
:10ACB00001D281463C463946DAF8000004F044FAF5
:10ACC0000746D4E70B4F0024386800F087F80146A8
:10ACD0000029CED00B68AB4207D12CB18A68A3689B
:10ACE0009A4238BF0C4600E00C46386804F02CFA53
:10ACF0000146EDE75008002030B1054B9B68C01AB3
:10AD0000044B8010584370474FF0FF30704700BF2E
:10AD1000B4080020ABAAAAAA38B50D4D002818BF68
:10AD200005460C4803F0B9FA044668B12846211DCF
:10AD300004F0D5F920B12046BDE83840FFF7DCBF6C
:10AD4000204603F0E7FAEFE74FF0FF3038BD00BFD1
:10AD50003B0321002421002080B161B1C368406819
:10AD6000CB1A93FBF0F14B1C07D0054B0C209B68D2
:10AD700000FB01307047084670470020704700BF55
:10AD8000B408002090B171B1C368CB1A416893FB3D
:10AD9000F1F35A1C09D0064AD35C026843FA02F068
:10ADA00000F001007047084670470020704700BF60
:10ADB000F937002010B5074A1368072B9FBF5C1CAA
:10ADC0001460054A03609DBF816042F823000120A2
:10ADD000002010BD382200201822002038B505467A
:10ADE0000A4803F05AFA0146284604F09CF9044642
:10ADF00028462146FFF7C6FF28B928462146BDE868
:10AE0000384004F0A1B9204638BD00BF24210020FD
:10AE10002DE9F0474F4F0646002918BF0F46384628
:10AE200091469846FFF778FF421C05467DD14A4C73
:10AE3000204603F082FA0546002864D14846414680
:10AE4000FFF78CFD00285CD0FFF766FF431C3CD069
:10AE5000A3680C2404FB0034404B1A5CACB36AB109
:10AE60001D540BE0002D47D0434545DB204603F041
:10AE700051FA044684BB2C46002D42D00025384BA5
:10AE800053F82580B8F1000F11D0D8F80890B9F127
:10AE9000000F0CD02146404604F045F9824640465A
:10AEA0005146FFF76FFF012801D15046C8470135D1
:10AEB000082DE4D12046FFF71FFF2A4B00221A5429
:10AEC0002146294803F0F3F91EE0274803F0E5F98D
:10AED00000250446A846CDE72046FFF70DFF1F4B8F
:10AEE0001B5C002BC2D11F4A125C002ABAD0D107CA
:10AEF00048BF01335210F8E7002BBFD025469846D3
:10AF0000B4E7002422E004462146174803F0E3F9A1
:10AF10002046FFF7F1FE39460546201D04F0DAF819
:10AF20000EB16B1C03D1002405E0002EFBD0746829
:10AF3000F36804FB053400217268204601F0E6FE48
:10AF4000084831462246012304F0D1F82046BDE8E6
:10AF5000F08700BF3B032100B4080020E537002044
:10AF600018220020F93700202421002070B5054662
:10AF70000C46002329462246054804F0B8F8064648
:10AF8000294622460023034804F0B1F8304670BD3C
:10AF9000F9370020E537002003460A4602481946E3
:10AFA000012304F0A4B800BFE537002003460A4699
:10AFB00002481946002304F09AB800BFE537002084
:10AFC000084B10B51B689847074B5B689847074BC1
:10AFD0005B689847064B5B689847BDE81040054B97
:10AFE0005B68184704F7200000F8200020F82000D4
:10AFF000D8F72000CCF7200010B508490B88834211
:10B00000A1BF074C80B222881218A1BF181A08806D
:10B0100022800120B8BF002010BD00BF5E260020A6
:10B0200060260020014B1880704700BF5E2600207C
:10B03000004870473C220020014B1888704700BF31
:10B040005E260020034A044B10781B781844C0B2D7
:10B05000704700BF0D3800206026002008B5FFF7BC
:10B06000F1FF014B184408BD3C220020F8B50C4B01
:10B0700007461C780B4B1E88A519802D0CDC224638
:10B08000094901F069FDFFF7E9FF3C4401463246FA
:10B09000204601F061FD00E000252846F8BD00BF14
:10B0A0000D3800205E2600203C22002008B5FFF766
:10B0B000C9FF024B1B88184480B208BD5E260020E1
:10B0C00010B50446FFF7F2FF2318802B0FDC013880
:10B0D00080B202B2002A04DB064B995C23449954E7
:10B0E000F5E7054B187820441870012010BD0020AA
:10B0F00010BD00BF3C2200200D38002038B5094D9E
:10B10000094C00211E22094801F000FE2846214674
:10B1100003F0E0FF05F108002146BDE8384003F0E8
:10B12000D9BF00BF984200203B032100A842002065
:10B13000044A00231380044A1380044A1370FFF763
:10B14000DDBF00BF602600205E2600200D380020F5
:10B1500038B50C460546FFF7EBFF802C28BF80244E
:10B1600029462246034801F0F7FC034B20461C8089
:10B1700038BD00BF3C2200205E26002010B50A4BDF
:10B1800003F11C0253F8044B934240F8044BF9D1ED
:10B190001B880380054B03F1100253F8040B934204
:10B1A00041F8040BF9D110BDA842002098420020BC
:10B1B00010B50A4B00F11C0250F8044B904243F8C2
:10B1C000044BF9D102881A80054B01F1100251F8A5
:10B1D000040B914243F8040BF9D110BDA8420020A2
:10B1E00098420020024B23F810100120704700BF46
:10B1F000A8420020014B33F810007047A8420020FD
:10B2000008B5044B0F3803EBC00003F063FF0120C7
:10B2100008BD00BF98420020024B0F3803EBC0006E
:10B22000704700BF984200200148024903F057BF11
:10B23000A04200203B03210008B5044803F06DF84C
:10B24000BDE80840024803F068B800BFCC08002001
:10B25000C0080020014803F0A8B800BFC0080020C3
:10B2600038B50E4803F069F80446A8B10C4803F05D
:10B2700064F80546206028B92146084803F071F8B3
:10B28000284638BDFFF7F2FE05F1A001A5F88000C1
:10B2900005F18200FFF772FF204638BDC00800208C
:10B2A000CC08002010B504460748214603F06FF88B
:10B2B00048B12168054803F054F82146BDE8104024
:10B2C000014803F04EB810BDC0080020CC08002093
:10B2D00010B504460948214603F059F868B12468BE
:10B2E000B4F880102046FFF733FF04F1820004F128
:10B2F000A001BDE81040FFF75BBF10BDC0080020F3
:10B30000034A136801331360024BDB68184700BF20
:10B310008442002020F82000014B5B69184700BFE1
:10B3200000F82000014B9B69184700BF00F820007F
:10B33000024BD86900B10047704700BF00F82000F9
:10B3400013B5044668B1406B02F0A7FF024640B156
:10B350002146054B0548DB68019302B0BDE810406B
:10B36000184702B010BD00BF00F82000B9B520009A
:10B3700070B590F82D200F4B032A88BF04220124BA
:10B38000DB69944005469847002808BF0120013C2E
:10B39000444305D0FAF702F9B0FBF4F303FB1404BD
:10B3A00005F10C0021462B46BDE87040024AF9F732
:10B3B000FFBD00BF00F8200041B320002DE9F0419F
:10B3C000074610208846FFF727FF474B05461A78A7
:10B3D000464C22B901221A70FAF7E0F8208023883F
:10B3E00013B9424B01221A8021880A204B1C23806A
:10B3F000FFF7F8FE3E4802F050FF044640B1201D22
:10B40000294603F06CFEE0B9204602F083FFF4E722
:10B41000384802F092FF0446002861D02946201DDA
:10B4200003F058FE002304F13000606384F82C30F0
:10B4300084F82D30236302F02DFF2D48214602F0C1
:10B440004AFF606B02F05FFF04283DDC2A4802F0EF
:10B4500074FF054660B3294802F06FFFA86018B377
:10B46000FFF7FEFE6860D8B10920AE68FFF7C2FEA4
:10B4700010B90823337203E00920FFF7BBFE3072D6
:10B4800086E880012946606B02F025FF606B02F0C0
:10B4900004FF854226D12046BDE8F041FFF768BF92
:10B4A0001648A96802F05DFF1348294602F059FFCB
:10B4B000606B02F028FF38B90D48214602F0F7FE14
:10B4C0000C48214602F04DFF0D4A136838460133FF
:10B4D00013604146BDE8F0410422012303F0C9BFD7
:10B4E000084AF2E7BDE8F08118380020D229002090
:10B4F00048230020F0080020E4080020D80800209D
:10B500007C4200207842002008B5064802F005FF82
:10B51000054802F002FF054802F0FFFE044B00223E
:10B520001A6008BDE4080020D8080020F0080020B8
:10B530007C4200202DE9F0410D4614468B680646FA
:10B54000506BD3F800805F6802F0B1FE6868FFF7C7
:10B55000A9FEA968144802F004FF1448294602F025
:10B5600000FF606B02F099FE40B1002384F82C309C
:10B5700084F82D302046FFF7FBFE0BE004F10C00B1
:10B58000F9F758FD0A48214602F091FE0948214684
:10B5900002F0E7FE40463946324694F82C30BDE8CA
:10B5A000F04103F066BF00BFD8080020E408002087
:10B5B00048230020F00800202DE9F0410F461646F0
:10B5C0000446002873D0406B02F067FE054668B160
:10B5D0000A21686803F0F4FD80460A20FFF70AFE9E
:10B5E000804505D0284602F095FEEFE7BDE8F081E2
:10B5F000AB68002B5BD0032F52D8DFE807F002299D
:10B600000F582C4A0020136884F82D000133136072
:10B6100094F82C20324484F82C2042E026490A6811
:10B6200001320A6023490A6801320A60002284F864
:10B630002D2094F82C203244D2B284F82C201B7A8E
:10B64000934225D81D4A022013680133136028E075
:10B650001B490A6832440A6094F82D203244D2B261
:10B66000052A83BF002284F82D2094F82C2084F82A
:10B670002D2084BF013284F82C2094F82C201B7AD2
:10B680009A4205D30D4A012013680133136008E084
:10B690002046FFF76DFE6868BDE8F04103F08ABD03
:10B6A000384629462246BDE8F041FFF743BFBDE8D2
:10B6B000F08100BF944200207442002088420020A4
:10B6C00090420020014B1888704700BF2C0A0020D0
:10B6D0002DE9F041012986B006460F46144640F395
:10B6E000AA80037803F007028DF80C20C3F3C00290
:10B6F0008DF80D20C3F300128DF80E20C3F3401215
:10B70000C3F380138DF8103043788DF80F20C3F306
:10B7100040028DF81220C3F3810203F001058DF879
:10B720001320C3F301129B098DF815308DF81420F6
:10B730008DF8115003AB03CB1B882061616123831B
:10B740000DB1B51C02E0B378F51CA37603A801A9DE
:10B7500002AA03F03BFD9DF81380B8F1000F23D03F
:10B76000029B23B16A7815F8023B03EB0223B8F180
:10B77000020FA38309D12046314903F0ABFC6B785B
:10B78000237015F8023B637014E0B8F1030F11D178
:10B7900005F108021346611E13F8010DAB4201F8D2
:10B7A000010FF9D1154605E02046254903F092FC2A
:10B7B000A4F81C809DF81580B8F1000F2BD0019BD8
:10B7C00053B16A7815F8023B03EB0223029A9BB24D
:10B7D000E3831AB9A38301E0A38BE383B8F1020FDB
:10B7E0000AD104F10800164903F074FC6B78237247
:10B7F00015F8023B637215E0B8F1030F12D108355A
:10B800002A46E31D04F10F0112F8010D03F8010FA0
:10B810008B42F9D106E004F10800094903F05AFC13
:10B82000A4F81E80AE1BBB1BE363A563BE42D4BF5E
:10B830003046002000E0002006B0BDE8F08100BFE7
:10B840003B03210030B591B00546FFF73BFF4FF6B3
:10B85000FF73984202D14FF0FF307CE040226846EF
:10B86000002101F053FA3D4B1A782AB901221A70CF
:10B87000F9F794FE3A4B18700E20FFF7BBFC8DF8D9
:10B8800010000D20FFF7B6FC8DF81200FFF7CCFC7E
:10B8900018B100238DF8133004E00B20FFF7AAFC49
:10B8A0008DF81300002301248DF814308DF8153025
:10B8B0008DF81840ADB10A20FFF79CFC28B10A2092
:10B8C000FFF798FC8DF81A000BE0254B1A7802B9A7
:10B8D0001C7019780A204A1C1A708DF81A10FFF78C
:10B8E00081FC03248DF81940FFF7ECFEADF81C0035
:10B8F000FFF79AFC40B102238DF81730FF238DF833
:10B9000000308DF8013008E01020FFF785FC01467B
:10B91000684603F0DFFB8DF81740FFF7D3FE1149AF
:10B92000ADF81E0002A803F0D5FBFFF797FB0E90C1
:10B93000FFF782FB0F90684603F0BFFC04464DB151
:10B94000FFF7BEFB002886D0FFF772FB0146684672
:10B9500003F0CCFC204611B030BD00BF26380020DB
:10B9600025380020FE42002038B500240F200B4D62
:10B97000FFF752FC04EBC4031D44294603F0AFFB60
:10B9800038B10A20FFF736FC2B7A1B1A584258416F
:10B9900038BD0134102CE9D138BD00BF2738002054
:10B9A00038B500250F20164CFFF736FC05EBC50116
:10B9B000214403F094FB6B1C10B9102B1D46F1D1F0
:10B9C000581E03EBC303123B2344093B58B11946ED
:10B9D00051F8095F0138C3F812504D68C3F816508A
:10B9E000097A9976F1E70A20FFF704FC20720F200C
:10B9F000FFF712FCBDE838400146014803F06ABB7E
:10BA000027380020014B1B6A184700BF04F72000AD
:10BA10002DE9F043054685B00E460F203F49FFF75C
:10BA2000EFFB01210B20FFF7DDFB3D4B5B689847E7
:10BA3000002868DBFFF7FCFA3A4C90F80280676850
:10BA4000FFF7F6FA8146FFF731FB01464846B84753
:10BA5000FFF7EAFBD4F818900746C84700284FD1F3
:10BA60005FB1A3680193FFF721FB019B984748B1A1
:10BA700002280CBF0122042243E0E3699847002812
:10BA80003ED1EEE717B1002201243EE0F7F784FE35
:10BA90000746F8F715F8F7F77FFE6FF00C03DB1B8E
:10BAA000C342F8D4C84728B1F7F776FE0746F8F73F
:10BAB00007F809E0E36998470028F5D1194B5B695D
:10BAC00098470028F0D019E0F7F766FE6FF01403EE
:10BAD000DB1BC342F8D4E369984778B1114B03A844
:10BAE00003211B69984703280AD19DF80E20B2EB69
:10BAF000080218BF0122002AC5D002E0022200E09D
:10BB00000122002401E00522FBE7284631460123FB
:10BB100003F0AFFC204605B0BDE8F083FE420020F4
:10BB2000F4F7200004F7200082B0044B08B11B6A30
:10BB300000E05B6A019302B0184700BF04F72000E1
:10BB400007B5FFF779FA03281BD00F4B9B6898477E
:10BB5000002816DB1020FFF75FFB0C4903F0BFFA4B
:10BB600058B1FFF701FF60B9FFF71AFF084BDB6818
:10BB7000019303B05DF804EB1847FFF755FB00286D
:10BB8000EFD103B05DF804FBF4F72000FE42002083
:10BB9000D8F72000014B9B68184700BFCCF7200066
:10BBA00070B505460C460E200121FFF71BFB034B29
:10BBB00028462146BDE870409B681847D8F720000A
:10BBC0002DE9F041002504462F4601F1010818F83F
:10BBD000016C98F8003003EB0626B6B25EB9002D72
:10BBE0000BDB01D0013517E020460F4901F020FAA8
:10BBF0000234012510E0002D06DC3FB120460B4940
:10BC000001F016FA013401E04FF0FF3520460849F3
:10BC10003246F8F7B1FD04440237102F08F102084C
:10BC2000D5D12046BDE8F081C0FA2000C1FA20003D
:10BC300058032100F0B50D4601888BB0064629B1A6
:10BC4000E82913D0002303800320A7E010225448E2
:10BC500001F05CF8534B01221A70534B534819689A
:10BC600002F0C6FAE8233380012097E04F4802F043
:10BC7000DAFA044680B14E4B1B78002B2DD04D4B89
:10BC8000474A1C884C4B03F1100153F8040B8B42BC
:10BC900042F8040BF9D13BE0484B1B78AB42E1D1B1
:10BCA000474B1B789B07DDD5464B47481D68474BE4
:10BCB00029461B88EC54F8F73BFD284600F0CCFEE3
:10BCC000434B1860434B01205D68A847424B186006
:10BCD0002046A847414B1860C4E70120FBF716FE39
:10BCE00004460028B9D0FDF7E7FC0028B5D02C4A5F
:10BCF000A31C123453F8041BA34242F8041BF9D1CD
:10BD000040F6B83450F8083F354A13604368536032
:10BD1000344D2F6827B961BA214889B23A460AE002
:10BD200038461F49102200F0E5FE38B1002261BA02
:10BD30001B483A8289B2FDF7BFF828602B68002BB8
:10BD40008BD0184B1B78002B87D0274B68461A687E
:10BD5000264901321A60F8F70FFD0DEB0004FDF7DC
:10BD6000ABFC40B1036AD3F8901021B120460431F6
:10BD7000FFF726FF04E020461D4901F059F9A01DF8
:10BD8000134B1C491A68F8F7F7FC684601F0AEF946
:10BD9000694602462868FDF79DFA5EE70BB0F0BDE4
:10BDA000D6420020B83800200C090020CC23002007
:10BDB000B73800202E0A0020C6420020FC42002096
:10BDC000383C0020443C002067032100CC3900208F
:10BDD000DC2300209CF62000BC230020C023002090
:10BDE000DE420020C4230020C82300205D03210080
:10BDF000940221006303210010B5038804462BB18F
:10BE0000A52B0ED000230380032010BD094A0A4849
:10BE10004FF48071136002F0EBF9A5232380012019
:10BE200010BD054802F0FFF90028F8D0024802F0E2
:10BE3000E8F9F2E7E0230020E823002010B50388AA
:10BE400004462BB1B92B09D000230380032010BD79
:10BE500000F0E6F9B9232380012010BD034B1B78C5
:10BE60008B42F9D1104600F071F9F3E7FC42002053
:10BE700010B5838D0446742B2AD003D84BB1662BA2
:10BE800009D054E07D2B41D08C2B48D0782B4ED15B
:10BE90002DE06623838504F12C0027493A22FCF724
:10BEA00007FF012801D8002010BD04F1BA00234982
:10BEB000062201F049F910B194F8BB3083B920484B
:10BEC000204901F0B5F8204B12221A607423A38593
:10BED0001B4801F00BF91A49024604F12C0019E045
:10BEE000302B09D10F20F7F739F97823A38504F116
:10BEF0002C00164910220DE0312B02D08C23A38593
:10BF00000DE00F20F7F722F97D23A385104904F1F6
:10BF10002C000F22FCF7CCFE0128EFD8C3E704F178
:10BF20002C000C490F22FCF7C3FE0128BBD90023CB
:10BF3000A385032010BD00BF9A032100D503210073
:10BF4000B9380020DC032100E4230020EF032100A6
:10BF500000042100100421000048704771BE200039
:10BF600070B5038904469F2B0AD004D8002B4FD10B
:10BF70009F23038104E0A42B1BD0BB2B40D047E0C0
:10BF800004F108002021FCF7F3FE012801D800206D
:10BF900070BD04F152002049042201F0D5F830B1FF
:10BFA0001E4B10221A7000232381022070BDA4238F
:10BFB000238104F1080630462021FCF7D9FE012830
:10BFC000E5D994F852302F2BEAD194F8533004F18C
:10BFD000BA05202B02D12846114909E0304602F06B
:10BFE000ABFA0023204480F85130284604F1520176
:10BFF000502201F0F3F8012384F81031BB23238190
:10C0000004F108000A21FCF7B3FE0128F6D8BEE7C8
:10C0100000232381032070BD7D052100383C0020D2
:10C020003A04210038B5838D0446642B0D4604D0B4
:10C03000772B11D0C3B964238385284601F056F8C5
:10C040002946024604F12C00FCF732FE012801D8F3
:10C05000002038BD7723A38504F12C0004491B225E
:10C06000FCF726FE0128F3D90023A385032038BD61
:10C07000F904210010B5B0F850300446892B25D0C2
:10C0800003D83BB1872B16D050E08F2B39D0902BA3
:10C0900040D04BE0C0F80C31BB30FFF75DFFC4F877
:10C0A0000C0158BB04F1BA002349502201F096F864
:10C0B0008723A4F8503020462049FFF7B3FF01281A
:10C0C00001D8002010BD8923A4F85030A38D13B1EE
:10C0D000572B02D009E05723A38504F12C001849FF
:10C0E0005822FCF7E5FD0128EBD9164A0023102160
:10C0F000A3851170A4F85030022010BD8F23A4F83E
:10C10000503020461049FFF78DFF0128D9D99023E0
:10C11000A4F85030D4F80C31204698470128D0D9E3
:10C120000023C4F80C31074B10221A700023A4F826
:10C130005030032010BD00BF15052100460421002A
:10C1400024052100383C0020A30421002DE9F04102
:10C15000304D04462B78A84613F0300601D11A065C
:10C160000AD5002C54D00023C4F80C312146BDE878
:10C17000F041294802F0F5B803F0400202F0FF0751
:10C1800042B3254802F0D9F8044620B9202388F8A4
:10C190000030BDE8F081214B2146186804F15205BA
:10C1A000FCF782FE04F108002946672202F0C9F973
:10C1B00004F12C002946672202F0C3F9A4F850606C
:10C1C000C4F80C6184F8106120464FF4A06102F0BD
:10C1D00041F811E00028D9D01B070BD502F04CF82C
:10C1E00050B12023C4F80C7121460B482B7002F08B
:10C1F000B8F801E002F03AF82046FFF7B1FE94F8F3
:10C200001031012B04D12046BDE8F041FFF732BFC9
:10C21000BDE8F081383C002030090020483C002077
:10C2200008B54FF4A040FCF72BFEBDE808400148DC
:10C2300002F073B83009002030B505460B4887B0CE
:10C240000468642060437F2490FBF4F006AC44F85B
:10C25000040D8DE80E000A9B012003930449224639
:10C260002B46F5F795FB07B030BD00BFBC2300207F
:10C270009205210030B50546084887B0006806AC35
:10C2800044F8040D8DE80E000A9B01200393044935
:10C2900022462B46F5F77CFB07B030BDC0230020BB
:10C2A000A0052100F0B51D460B4B87B004465B6826
:10C2B00000200F46164698470C9B06AA42F8040D2C
:10C2C0000649039300970196029500202346F5F74F
:10C2D0005FFB07B0F0BD00BF3CF6200082052100E7
:10C2E0001FB504468DE80E00069B0020039303490A
:10C2F000034A2346F5F79EFB04B010BD82052100DA
:10C30000B7F420001FB504468DE80E00069B002000
:10C3100003930349034A2346F5F78CFB04B010BD91
:10C3200082052100CDF420001FB504468DE80E00E3
:10C33000069B002003930349034A2346F5F77AFB43
:10C3400004B010BD82052100E3F42000F0B587B0F1
:10C350000F4616461D46044603F0CEF80C9B06AA6F
:10C3600042F8040D054903930097019602950020B9
:10C370002346F5F70DFB07B0F0BD00BF8205210095
:10C38000F0B587B00F4616461D46044603F0BAF8CE
:10C390000C9B06AA42F8040D0549039300970196E9
:10C3A000029500202346F5F7F3FA07B0F0BD00BF71
:10C3B00082052100F0B587B00F4616461D4604469B
:10C3C00003F0A6F80C9B06AA42F8040D0549039356
:10C3D00000970196029500202346F5F7D9FA07B099
:10C3E000F0BD00BF82052100134B10B501219C68F0
:10C3F0008120A04711481249F5F7C0F90121812099
:10C40000A04710481049F5F7B9F9104B01219B6876
:10C41000812098470E480F49F5F7B0F90E480F49AB
:10C42000F5F7ACF90E480F49F5F7A8F9BDE810404B
:10C430000D480E49F5F7A2B99CF62000CC09002062
:10C4400088052100A8090020960521003CF620005F
:10C45000F0090020A50521003C090020B0052100BD
:10C4600060090020B805210084090020C0052100D2
:10C4700008B50A480021F8F7C9FF09480021F8F774
:10C48000C5FF08480021F8F7C1FFF5F795F9F6F761
:10C4900075F9BDE80840FFF7A7BF00BFFC08002002
:10C4A000100900202009002053B94AB9002908BF0B
:10C4B00000281CBF4FF0FF314FF0FF3000F03CB8B8
:10C4C00082B0EC462DE9005000F01EF8DDF804E0E3
:10C4D00002B00CBC704700BF2DE9F041069C9046AD
:10C4E00006460F461D4600F029F808FB01FCA8FB94
:10C4F000002300FB05C5B21A2B4467EB03038646F5
:10C50000C4E90023BDE8F0812DE9F843089E1746F1
:10C51000804689461D4600F067F900FB05F3A0FB45
:10C52000074507FB0137B8EB04043D4469EB0505FB
:10C53000C6E90045BDE8F883704700BF00292DE932
:10C54000F043C0F2A8800026002BC0F29E808146F6
:10C550008E4690469C46174604460D46002B3DD11C
:10C560008A4259D9B2FA82F33BB1C3F120029D400D
:10C5700020FA02F29F4015439C40390CB5FBF1F0C4
:10C580001FFA87FE01FB10550EFB00F3220C42EA56
:10C590000545AB4209D9ED1900F1FF3280F00B815E
:10C5A000AB4240F2088102383D44ED1AB5FBF1F38D
:10C5B00001FB13550EFB03FEA4B244EA0545AE454C
:10C5C00008D9ED1903F1FF3280F0F780AE4540F253
:10C5D000F480023B43EA0043002203E08B420FD980
:10C5E00000221346341C18BF012460424FF000059E
:10C5F00065EB45015840514000196941BDE8F083A1
:10C60000B3FA83F2002A40F089808B4202D380453E
:10C6100000F2E2800123E5E712B90123B3FBF2F750
:10C62000B7FA87F8B8F1000F3BD1ED1B4FEA174C72
:10C630001FFA87FE0122B5FBFCF00CFB10550EFB28
:10C6400000F3210C41EA0545AB4207D9ED1900F191
:10C65000FF3102D2AB4200F2C3800846ED1AB5FBAF
:10C66000FCF30CFB13550EFB03FEA4B244EA054594
:10C67000AE4507D9ED1903F1FF3102D2AE4500F204
:10C68000AD800B4643EA0043ACE752426FEA060630
:10C6900063EB43035BE7404261EB41014FF0FF3640
:10C6A00052E707FA08F7C8F1200225FA02F34FEA29
:10C6B000174CB3FBFCF11FFA87FE0CFB113324FA75
:10C6C00002F205FA08F50EFB01F92A43100C40EAC4
:10C6D0000343994504FA08F407D9DB1901F1FF3047
:10C6E00078D2994576D902393B44C9EB0303B3FBB1
:10C6F000FCF00CFB10330EFB00F592B242EA034350
:10C700009D4207D9DB1900F1FF325FD29D425DD90E
:10C7100002383B445D1B40EA01428CE7C2F1200332
:10C7200028FA03F10CFA02FC41EA0C0C4FEA1C4017
:10C730002EFA03F1B1FBF0F51FFA8CF700FB15118F
:10C7400029FA03F30EFA02FE07FB05F943EA0E0E7F
:10C750004FEA1E4343EA0141894508FA02F808D925
:10C7600011EB0C0105F1FF3332D2894530D9023D7E
:10C770006144C9EB0101B1FBF0F300FB131107FBAE
:10C7800003F71FFA8EFE4EEA014E774508D91EEBDD
:10C790000C0E03F1FF3117D2774515D9023BE64461
:10C7A00043EA0543A3FB0889C7EB0E0ECE4509D328
:10C7B00005D0002216E71046F7E613460AE7944034
:10C7C0004445F6D2013BF4E70B46E9E71046A1E702
:10C7D0001D46CEE7014688E7134603E7023B51E7D3
:10C7E00002383D443AE700BF2DE9F043002B44D125
:10C7F0008A42154604464FD9B2FA82F70E464FB127
:10C80000C7F12003B94020FA03F602FA07F50E43F8
:10C8100000FA07F42F0CB6FBF7F01FFA85FE07FBB2
:10C8200010620EFB00F1260C46EA0243994209D938
:10C830005B1900F1FF3280F0EE80994240F2EB800C
:10C8400002382B44591AB1FBF7F307FB13110EFB07
:10C8500003FEA4B244EA01418E4508D9491903F107
:10C86000FF3280F0DA808E4540F2D780023B43EA07
:10C87000004000263146BDE8F0838B4247D8B3FA2A
:10C8800083F6002E48D18B4202D3824200F2CF8041
:10C8900001203146BDE8F08312B90125B5FBF2F560
:10C8A000B5FA85FCBCF1000F78D1491B2F0C1FFA9B
:10C8B00085FE0126B1FBF7F007FB10110EFB00F21D
:10C8C000230C43EA01418A4207D9491900F1FF3399
:10C8D00002D28A4200F2BC801846891AB1FBF7F3F3
:10C8E00007FB13110EFB03FEA4B244EA0142964576
:10C8F00008D9521903F1FF3180F09180964540F23A
:10C900008E80023B43EA00403146BDE8F0830026BA
:10C9100030463146BDE8F083C6F1200422FA04F522
:10C92000B3402B4321FA04F74FEA1348B7FBF8FC56
:10C930001FFA83F908FB1C7720FA04FE01FA06F5BA
:10C9400009FB0CF44EEA05054FEA154E4EEA07477F
:10C95000BC4202FA06F204D9FF180CF1FF3168D389
:10C960008C463F1BB7FBF8F408FB147709FB04F96E
:10C97000ADB245EA0741894504D9C91804F1FF352C
:10C980005DD32C4644EA0C44A4FB0223C9EB01010D
:10C99000994249D345D0204600266BE7CCF12004CC
:10C9A00005FA0CF521FA04F32A0CB3FBF2F61FFA90
:10C9B00085FE02FB163820FA04F701FA0CF10EFB93
:10C9C00006F90F433C0C44EA0843994500FA0CF47D
:10C9D00007D95B1906F1FF3138D2994536D9023EA5
:10C9E0002B44C9EB0303B3FBF2F002FB10330EFB45
:10C9F00000F1BFB247EA0343994207D95B1900F13E
:10CA0000FF3721D299421FD902382B441746591AB1
:10CA100040EA06464EE7104614E7134627E70B4662
:10CA200070E7B0409042B6D2601E002622E7304642
:10CA300020E7BC4294D9ACF1020C1F4491E7894530
:10CA40009FD9023C19449DE73846DFE70E46C8E708
:10CA50000238294441E700BF00210A2200F0E8BE65
:10CA6000830770B4C9B240D0541E002A3FD0037867
:10CA70008B4218BF431C05D11CE0ECB10278013C8D
:10CA80008A4217D013F0030F184603F10103F4D1C3
:10CA9000032C14D884B103788B420BD00519431CA6
:10CAA00002E002788A4205D0AB42184603F1010346
:10CAB000F7D1002070BC7047204670BC704702461A
:10CAC00041EA012646EA0646136810467340A3F180
:10CAD000013525EA030313F0803F02F10402D9D1A6
:10CAE000043C032C1046EFD8D4E71446D0E7104698
:10CAF000E0E700BF032A70B426D940EA01039B0790
:10CB000011D004780D78AC4222D10244431C05E0D8
:10CB100013F8014B11F8015FAC4219D19342F7D1E0
:10CB2000002070BC70470C4603461E6825681846F6
:10CB3000AE42214603F1040304F1040404D1043A93
:10CB4000032A18462146F0D8002ADAD11046E8E731
:10CB5000601B70BC704700BF844641EA000313F0BD
:10CB6000030349D1403A23D30B6803604B68436009
:10CB70008B688360CB68C3600B6903614B69436159
:10CB80008B698361CB69C3610B6A03624B6A436241
:10CB90008B6A8362CB6AC3620B6B03634B6B436329
:10CBA0008B6B8363CB6BC36340304031403ADBD245
:10CBB00030320BD30B6803604B6843608B68836033
:10CBC000CB68C36010301031103AF3D20C3205D369
:10CBD00051F8043B40F8043B043AF9D2043208D03F
:10CBE000D2071CBF11F8013B00F8013B01D30B88B1
:10CBF00003806046704700BF082A13D38B07B1D06B
:10CC000010F00303AED0C3F10403D21ADB071CBF3C
:10CC100011F8013B00F8013BA4D331F8023B20F8A6
:10CC2000023B9FE7043AD9D3013A11F8013B00F8DF
:10CC3000013BF9D20B7803704B7843708B7883708B
:10CC4000604670478842F0B50DD98B1898420AD2D9
:10CC50008118002A54D09A1A13F8014D934201F812
:10CC6000014DF9D1F0BD0F2A48D940EA01039B07D5
:10CC700047D1154600F1100401F1100353F8106C70
:10CC8000103D44F8106C53F80C6C0F2D44F80C6CEC
:10CC900053F8086C04F1100444F8186C53F8046C51
:10CCA00003F1100344F8146CE8D8A2F1100323F048
:10CCB0000F0302F00F0E1033BEF1030F19440344AB
:10CCC00021D90E4674461D1F56F8047B043C032CE4
:10CCD00045F8047FF8D8AEF1040424F003040434CA
:10CCE0002344214402F0030252B1013B0A4411F8EB
:10CCF000014B914203F8014FF9D1F0BD0346F3E730
:10CD0000F0BD0346F1E77246EEE700BF70B484075A
:10CD100046D0541E002A41D0CDB2034602E0621E26
:10CD2000E4B3144603F8015B9A07F8D1032C2ED91B
:10CD3000CDB245EA05250F2C45EA054519D9264609
:10CD400003F11002103E0F2E42F8105C42F80C5C0A
:10CD500042F8085C42F8045C02F11002F2D8A4F137
:10CD6000100222F00F0204F00F041032032C1344BF
:10CD70000DD91E462246043A032A46F8045BFAD827
:10CD8000221F22F003020432134404F003042CB1E6
:10CD9000C9B21C4403F8011BA342FBD170BC70470D
:10CDA00014460346C2E700BFC9B270B4002933D0AD
:10CDB000850710D00378002B59D0994218BF431C27
:10CDC00006D127E013F8012B002A4DD0914221D043
:10CDD0009A071846F6D141EA0126036846EA064654
:10CDE00001E050F8043F83EA0605A5F10134A3F100
:10CDF000013224EA050422EA0303234313F0803FAF
:10CE0000EFD0037823B932E010F8013F002B2ED089
:10CE10009942F9D170BC704784070BD00378002B7E
:10CE2000F8D0431C03E002780133002AF2D09907BE
:10CE30001846F8D10268A2F1013323EA020313F085
:10CE4000803F08D150F8042FA2F1013323EA0203F6
:10CE500013F0803FF6D00378002BDBD010F8013FB1
:10CE6000002BFBD170BC7047104670BC7047184651
:10CE700070BC704780EA010C1CF0030F37D110F032
:10CE8000030C20F0030021F0030150F8042B08BF2D
:10CE900051F8043B0ED08CF0030C6FF07F434FEA47
:10CEA000CC0C23FA0CFC51F8043B42EA0C0243EA96
:10CEB0000C0300BFA2F1013C9A4201BF2CEA020C14
:10CEC0001CF0803F50F8042B51F8043BF2D04FEA9D
:10CED00002604FEA1222012828BFB0EB036F08BF9F
:10CEE0001B0AF4D003F0FF03000EC01A704710F0C5
:10CEF000030F0AD010F8012B11F8013B012A28BFBB
:10CF00009A42F4D0A2EB030070474DF8045D50F84C
:10CF1000042B01F0030521F0030151F8043B022D1D
:10CF200026D04DD822F07F45B5EB132FA2F1013C5E
:10CF30002CEA020C0DD11CF0803C08BF51F8043BD8
:10CF40000AD185EA0205B5EB036F0CD150F8042B2A
:10CF5000E8E74FEA13235BE03CF07F4C54D10B78B9
:10CF60004FEA126554E04FEA126503F0FF034FE009
:10CF70004FEA0245A2F1013C4FEA15452CEA020CAA
:10CF8000B5EB134F18D11CF0803C08BF51F8043B9F
:10CF900007D185EA0205B5EB034F09D150F8042B00
:10CFA000E6E75FEA0C4C2FD10B884FEA12452FE0E1
:10CFB0004FEA03434FEA12454FEA134328E000BF0C
:10CFC00002F0FF05B5EB136FA2F1013C2CEA020C55
:10CFD0000DD11CF0803C08BF51F8043B0AD185EA12
:10CFE0000205B5EB032F0AD150F8042BE8E74FEA0E
:10CFF00013630DE012F0FF0F06D051F8043B4FEA27
:10D00000122523F07F4303E04FF0000020BC70475F
:10D0100005F0FF0203F0FF00012828BF904204BF83
:10D020002D0A1B0AF4D0A2EB000020BC704700BF01
:10D0300080EA0102844612F0030F4FD111F0030F72
:10D0400032D14DF8044D11F0040F51F8043B0BD0D0
:10D05000A3F101329A4312F0803F04BF4CF8043B25
:10D0600051F8043B16D100BF51F8044BA3F1013233
:10D070009A4312F0803FA4F101320BD14CF8043BEB
:10D08000A24312F0803F04BF51F8043B4CF8044B1C
:10D09000EAD023460CF8013B13F0FF0F4FEA33238D
:10D0A000F8D15DF8044B704711F0010F06D011F86C
:10D0B000012B0CF8012B002A08BF704711F0020F5A
:10D0C000BFD031F8022B12F0FF0F16BF2CF8022B45
:10D0D0008CF8002012F47F4FB3D1704711F8012B68
:10D0E0000CF8012B002AF9D1704700BF20F0030192
:10D0F00010F00300C0F1000051F8043B00F1040CF3
:10D100004FEACC0C6FF000021CBF22FA0CF2134362
:10D110004FF0010C4CEA0C2C4CEA0C4CA3EB0C022B
:10D1200022EA030212EACC1204BF51F8043B043095
:10D13000F4D0C2F1000102EA0102B2FA82F2C2F1B5
:10D140001F0200EBD2007047002A3CD040EA0103E6
:10D1500013F00303F0B425D1032A23D904680D6822
:10D16000AC421FD1043A30D0A4F1013525EA0404C1
:10D1700014F0803F2CD1071D0D1D0DE057F8043B26
:10D180000E68A3F10134B34224EA03040AD1043A3D
:10D190001BD014F0803F1ED1032A2946384605F1E2
:10D1A0000405EBD803780C78013AA34208D162B1A8
:10D1B00073B110F8013F11F8014F013AA342F6D0C4
:10D1C000181BF0BC7047104670471046F0BC704703
:10D1D0001846F0BC70470020F3E700BF40EA0103A7
:10D1E0009B0770B42BD1032A29D90C46034621464C
:10D1F00054F8046BA6F1013525EA060515F0803FC9
:10D2000005D1043A032A43F8046B2146EFD8A2B1B2
:10D210000C78013A1C70013101333CB16AB111F84C
:10D22000014B013A03F8014B002CF7D12AB11A4403
:10D23000002103F8011B9342FBD170BC70470346E9
:10D24000E5E700BF2DE9F0414FF0010E74460025DF
:10D250004FF0FF3663198B4200EB06070DD23F5D9E
:10D2600010F803C0BC452DD21D460124C6EB030EA9
:10D2700063198B4200EB0607F1D34FF001084446D7
:10D28000C2F800E000254FF0FF376319994200EB28
:10D29000070E0ED91EF804E010F803C0F44518D9A3
:10D2A0001D460124C7EB03086319994200EB070EE2
:10D2B000F0D80137701C874224BF3846C2F800807E
:10D2C000BDE8F0810CD04FF0010E2E467446754437
:10D2D000C0E709D04FF001082F4644464544D4E743
:10D2E000744505D00134B5E7444504D00134CCE79A
:10D2F0001D460124AEE71D460124C6E72DE9F04F87
:10D30000ADF2144D164605468B461046194603AA43
:10D310001C46FFF797FF804603AB0DF20C4243F823
:10D32000044F9342FBD15CB13246631E371904A807
:10D3300012F8011BBA4240F8213003F1FF33F7D154
:10D340000399304631444246FFF7D4FB00286DD1A3
:10D3500008F1FF330093F318824601932346814678
:10D36000544658469A4609EB0A073A1A00212844BF
:10D37000FFF776FB002840F0AC80002F00F0A9807A
:10D38000EB1913F8012C04AB53F822304BB124B144
:10D39000039A934201D2C2EB0A039944002438460F
:10D3A000E1E74445234638BF43460AF1FF3E734553
:10D3B00013D203EB0902A85C16F803C02A44844583
:10D3C00006EB030106D02DE011F801CF12F8010F92
:10D3D000844527D101337345F6D34445009980F045
:10D3E0008780009B019809EB0302AB5C00782A441C
:10D3F00098427DD1019B06EB040B06E013F801ED8A
:10D4000012F8010D864504D161465B4501F1FF3CF0
:10D41000F4D101348C4256D8039C3846A144C4EB65
:10D420000A04A0E7C8F101029144B6E7C8EB04037F
:10D43000434538BF434608F1FF3701330393F319DF
:10D440005846A246C34698464FF0000909EB0A0425
:10D45000221A00212844FFF703FBD0BBCCB32B19C1
:10D4600013F8012C04AB53F82230C3BB0AF1FF3090
:10D47000834514D209EB0B02AB5C16F80BE02A448F
:10D480009E4506EB0B015B4606D02BE011F801CF61
:10D4900012F801EFF44525D101338342F6D37B1C0A
:10D4A00011D009EB0702AB5C98F800102A449942AE
:10D4B00014D1434605E013F8010D12F8011D88420E
:10D4C0000CD1B342F7D105EB09000DF2144DBDE8C4
:10D4D000F08F00200DF2144DBDE8F08F039B9944AE
:10D4E0002046B3E7CBF10102914499442046ADE7D1
:10D4F00041468EE70278002A00F003812DE9F04FC3
:10D5000091F8008085B04346B8F1000F15D08446ED
:10D5100001F1010E012402E01EF8013B63B19A42C1
:10D5200014BF002404F001041CF8012F7746002AE0
:10D53000F2D19EF800301BB934B105B0BDE8F08FD0
:10D54000002005B0BDE8F08F0E460546414601308B
:10D55000FFF72AFCBC1B07460028F1D0012CECD0B9
:10D560002819874294BFC7EB000B4FF0010B1F2C0B
:10D5700008D93846594632462346FFF7BFFE05B064
:10D58000BDE8F08F214603AA3046FFF75BFE039902
:10D590008046024631443046FFF7ACFA002858D1A5
:10D5A00081460546B246584608F1FF330193F31809
:10D5B00000932E19321A00213844FFF751FA00283F
:10D5C000BED1002EBCD0C1454B4638BF43469C421D
:10D5D00012D95A19B95C1AF803003A4488420AEB86
:10D5E000030E06D02DE01EF8010F12F8011F88422D
:10D5F00027D101339C42F6D8019BC845194640F219
:10D6000083800098EA18BB5C00783A4498427BD14A
:10D61000009B0AEB090B06E013F801CD12F801EDAF
:10D62000F44504D101465B4501F1FF30F4D109F125
:10D63000010989456AD8039B30461D44C3EB0409A0
:10D64000B7E7C8F1010215441D444FF00009304608
:10D65000AFE7C8EB0403434508F1FF3238BF434648
:10D6600006EB02095846CB469146013303934FF02F
:10D67000000A0AEB04052A1A00213844FFF7F0F9E2
:10D6800000287FF45DAF002D3FF45AAF444514D914
:10D690000AEB0802BB5C16F808003A44984206EB15
:10D6A0000801434606D022E011F801EF12F8010FFD
:10D6B00086451CD101339C42F6D8B9F1FF3F11D009
:10D6C0000AEB0902BB5C9BF800103A44994214D162
:10D6D0005B4605E013F8010D12F8011D88420CD1DC
:10D6E000B342F7D107EB0A0005B0BDE8F08FC8F1EF
:10D6F000010292449A442846BBE7039B28469A4479
:10D70000B7E70B7823B97047414690E7781914E7DB
:10D71000002070472DE9F04F444C83460E46D4F864
:10D7200000E000E02646344614F8015B0EEB0500ED
:10D73000407800F0080000F0FF080028F2D12D2DFD
:10D740004BD02B2D04BF7578B41C1BB1102B60D0AF
:10D750009A4603E0302D54D00A239A46B8F1000FC0
:10D7600014BF4FF000406FF00040B0FBFAF9002703
:10D77000BC460AFB19000CE0303DAB4219DD7E1CB3
:10D7800005D0CC4524D821D00AFB0C5C012714F825
:10D79000015B0EEB0506767816F0040FECD116F05F
:10D7A000030606D0012E0CBF37265726AD1BAB4211
:10D7B000E5DC7B1C16D0C8F100008CEA0000404478
:10D7C0004AB107B1611E1160BDE8F08F8542DBDD13
:10D7D0004FF0FF37DBE7BDE8F08FB41C75784FF0F2
:10D7E0000108B2E7B8F1000F4FF0220314BF4FF069
:10D7F00000406FF00040CBF80030002AE2D1BDE8D5
:10D80000F08F237803F0DF03582B09D008239A46C2
:10D81000A4E7302D9CD1207800F0DF00582897D164
:10D820004FF0100A65785346023497E7240A002027
:10D8300030B40D46034C134601462A46206830BCDE
:10D84000FFF768BF280A0020FEE708B5F2F71EFDC3
:10D850000346014400208B4204D013F8012B42EA16
:10D860000020F8E7704770B51E460B680C4683B180
:10D8700001689DF81050CD5425681146013525608A
:10D88000006832462844FFF7DDF9236833442360FB
:10D8900070BD02600E6070BD2DE9F843984600230C
:10D8A0000746C8F8003010460D469146FFF71EFCAB
:10D8B0003E4604463D4433199D421FD9BE4203D023
:10D8C00016F8013C262B17D1335D3D2B14D1484669
:10D8D00031462246FFF738FC70B901343444204603
:10D8E00026212A1BFFF7BCF8002808BF2846C8F8E5
:10D8F0000040001BBDE8F8830136DCE70020BDE8EE
:10D90000F8830C2810B501D8C3B204E0B0F5867FC7
:10D9100094BF0D230E231B010C29DBB201D8CCB21E
:10D9200004E0B1F5867F94BF0D240E242343B0F5A7
:10D93000867F137008D96FF4867403191B0A0D389B
:10D9400090705370022005E00C2885BF0D38507090
:10D9500000200120B1F5867F07D96FF48673CB18BC
:10D9600014181B0A6370023002E00C2902D901303E
:10D970000D391154013010BD2DE9F8431C4613F048
:10D980007F4F14BF01270027260C15463B464FEA60
:10D99000064906B17B1C34F0FF0801D0013300E0DA
:10D9A00004B10133401A2A461946FFF7AAFF17B1FE
:10D9B000230E2B540130B9F1000F01D02E54013049
:10D9C000B8F1000F03D0230A2B54013000E00CB152
:10D9D0002C540130BDE8F883F8B5069C401A214666
:10D9E00017461E46FFF78DFF05463146381822467A
:10D9F000FFF7B2F82819F8BD2DE9F74F9DF834B0BC
:10DA000081468E4692461F46DDF83080BBF1000FFE
:10DA100022D00024254608F10102944223D83A5D21
:10DA20003E195A4501D0444514D1F61ACEEB0900EF
:10DA30000AEB050231460193FFF763FF019B0544A2
:10DA40000AEB050019463246FFF786F8CE46013448
:10DA500035443B190134DEE7CDF8308003B0BDE832
:10DA6000F04FFFF7B9BF284603B0BDE8F08FF8B517
:10DA700004460F4616461D460021A422FFF746F92C
:10DA80006771A6712581F8BD30B5134690F9142051
:10DA90000446002A0D4608DAD4F894102A46BDE858
:10DAA0003040D0F89800FFF7F7BE002030BD10B529
:10DAB0000C46B0F89E10134631B12246BDE8104026
:10DAC000D0F8A000FFF7E8BE084610BDFF299ABFB6
:10DAD0008171012000207047082A28BF082210B554
:10DAE000144682720B30FFF737F8204610BD027DD6
:10DAF00002F0100202F0FF031AB1838B01200B60C9
:10DB0000704718467047037D818343F01003037507
:10DB100001207047427D02F0020202F0FF0322B1B1
:10DB2000B0F8683001200B60704718467047037DDD
:10DB30005B064CBF036A3C230B6001207047037DEA
:10DB4000016243F0400303750120704738B5044675
:10DB5000082A28BF0822154684F824202530FEF71D
:10DB6000FBFFE37C284643F01003E37438BDC27C1E
:10DB700002F0020202F0FF032AB100F16B030B6016
:10DB800090F86A00704718467047C07CC0F3401098
:10DB90007047C27C02F0080202F0FF031AB1436C26
:10DBA0000B60006C704718467047027D02F0080257
:10DBB00002F0FF031AB1036E0B60C06D7047184688
:10DBC000704710B504460846037801312F2BFAD070
:10DBD0002066FFF78BFA237DE06543F00803237589
:10DBE00010BD90F91430002BBDBFD0F898300B60F9
:10DBF000D0F894000020704710B50446084603781A
:10DC000001313F2BFAD0C4F89800FFF76FFA237D5B
:10DC1000C4F8940063F07F03237510BD037D13F0F7
:10DC200001031DBFC36C0B60806C1846704710B5B4
:10DC300004460846037801313F2BFAD0A065FFF770
:10DC400055FA637D606543F01003637510BD70B5D0
:10DC500004460D462B7801312F2BFAD028463F2160
:10DC6000FFF7A2F8064630B1711C2046761BFFF77D
:10DC7000DEFFA66403E02846FFF738FAA064A06C34
:10DC8000E56418B1237D43F00103237570BDC37CA7
:10DC9000416643F04003C3740120704730B590F9EA
:10DCA0001550039C002D0EDA09B1456F0D6012B1BD
:10DCB00090F87810117013B1B0F87A201A8024B15E
:10DCC000C36F236001E0002030BD012030BD10B5DE
:10DCD000A3F11004B4F5FE6F10D8B1F5801F0DD27A
:10DCE000A0F87A30437D003218BF012263F07F0331
:10DCF000416780F878204375012010BD002010BDD9
:10DD000070B5857D049E05F0080505F0FF0485B11A
:10DD100011B1D0F880400C6012B190F884101170ED
:10DD200013B1B0F886201A802EB1D0F88830336055
:10DD300001E0204670BD012070BD10B5A3F11004B4
:10DD4000B4F5FE6F0ED8B1F5801F0BD2A0F8863067
:10DD5000837DC0F8801043F0080380F88420837529
:10DD6000012010BD002010BD827D02F0100202F0E3
:10DD7000FF0322B1D0F88C3001200B6070471846A9
:10DD80007047837DC0F88C1043F010038375012029
:10DD90007047D0F8A0300B6013B1B0F89E00704708
:10DDA00018467047402A28BF4022C0F8A010A0F8AB
:10DDB0009E201046704783790120013B984080B235
:10DDC0007047C1604068F7F739BBC16270470021F6
:10DDD000F3F724B910B50446002001460246FBF7CC
:10DDE0006BF8048210BDF8B505460C46074601F1F4
:10DDF000100E3E4620686168083403C674453746F5
:10DE0000F7D119466A822846BDF81820FBF762FA56
:10DE1000284600211022FEF779FF00236B82F8BD0F
:10DE2000F2F78ABD30B50023884213600BD010F89A
:10DE3000014BA4F13003092B07D813680A2505FB11
:10DE40000343303BF0E7012030BD002030BDF0B58A
:10DE5000002414604FF0FF34884217D010F8016B93
:10DE6000A6F13005092D0BD89C42F5DA15680A2772
:10DE700007FB0565303D1560651CEDD00134EBE70F
:10DE80002E2E05D1013403D10024E5E70120F0BD99
:10DE90000020F0BD013810B50C4611461A46042882
:10DEA00015D8DFE800F00303080B0E002046BDE89C
:10DEB0001040FFF7B7BF2046012304E020460223AD
:10DEC00001E020460323BDE81040FFF7C0BF00205B
:10DED00010BDF8B50746FFF709F90646F3F768FCE9
:10DEE00000F0DBF904468CB165682846FFF7FEF8C0
:10DEF0008642024603D007D92389DB0604D528468B
:10DF00003946FFF721F908B12468ECE72046F8BD4F
:10DF100070B505460C46F5F711FC2B686BB39A07F4
:10DF200008D5A968A2680A44824203D82368012060
:10DF3000636070BDDE0704D56968A2680A44824246
:10DF40001BD813F0040F226807D06168E8680E1828
:10DF5000964202D9091A91420FD3190705D52969AA
:10DF60008A420ADA6068884207DBDB06DED56B6925
:10DF70009A4202DD62689A42D8DD002070BD00201E
:10DF800070470029C4BF2C23037001207047002074
:10DF9000704700B5029A062B15D8DFE803F0040499
:10DFA00004080A0C11005DF804EBFFF73BBF0123E6
:10DFB00002E0022300E003235DF804EBFFF747BF14
:10DFC0001060012000E000205DF804FBF5F7D8B8F0
:10DFD00073B50646002425463046F5F7B7F800230A
:10DFE0000193019BAB4203DA00BF019B0133F7E7CA
:10DFF0003046F5F7B3F800230193019AC5F5C873CD
:10E000009A4203DA00BF019B0133F5E70134B4F50E
:10E01000487F05D0B4F5C87FDDDDC4F54875DBE782
:10E0200002B070BDCB43D0F820241A40C0F82024A1
:10E03000D0F800241A40C0F80024D0F804241A4074
:10E04000C0F80424D0F808241340C0F80834D0F8ED
:10E050000C340B43C0F80C34D0F810341943C0F81A
:10E060001014704701207047F5F710BB704700206F
:10E07000F5F7FCBB0120F5F7F9BBEFF3108062B6B2
:10E080007047EFF3108072B670470020F5F796BD29
:10E090000120F5F793BD0220F5F790BD0320F5F7B9
:10E0A0008DBD10B50C46F5F78DFF2046BDE810403C
:10E0B000F5F7BABF10B504460020E1B2F5F7E6FC6B
:10E0C000204610BD70B5054604464618601B44B195
:10E0D000237833B1B44204D018460134FFF7EAFF85
:10E0E000F4E770BD38B50546002415F8010B20B1E2
:10E0F000FFF7E0FF0134002DF7D10A20FFF7DAFF28
:10E10000204638BD002070470120704710B50446F6
:10E1100000210E203022F5F7ABFD84B1012C0CD18B
:10E1200042F210730011A0F28E5058432A2390FB44
:10E13000F3F000F5C340283010BD4FF0004010BD93
:10E14000002070470120704710B5044600210F20C1
:10E150003022F5F78DFD5CB1012C07D140F6F2536A
:10E16000584347F6F07390FBF3F010BD4FF00040BA
:10E1700010BD08B51AB108461146FFF7A3FF0020ED
:10E1800008BD38B515460446436800689A4228BF62
:10E1900003F1FF352A46FEF7DFFC236800202B44FD
:10E1A000236063685D1B656038BD0CB407B504ABC4
:10E1B00053F8042B0193F6F7CBFA03B05DF804EBA8
:10E1C00002B0704738B5044615460068FEF7C4FC37
:10E1D000236800201D44256038BD10B5041F54F885
:10E1E000040F18B10021F7F711F9F8E710BD7047D7
:10E1F00010B5044600F02EF82046BDE81040F6F7B2
:10E20000A1BF10B5044600F02CF82046BDE8104030
:10E21000F6F798BF10B5044600F028F82046BDE890
:10E220001040F6F78FBFC068B0FA80F04009704721
:10E2300005C810447047837BDB0701D5F6F7C4BFE0
:10E240007047FFF713BF10B541600446F5F776FA43
:10E25000206010BD10B541600446F5F765FA2060F6
:10E2600010BD90E80C0013440360704710B50446DD
:10E27000F5F75AFA206010BD10B50446F5F754FAC8
:10E280002368C3F101030344606898422CBF002057
:10E29000012010BD002303607047006870470068CC
:10E2A00000B9704703680BB11846FBE77047036875
:10E2B00010B57BB100228B4207D10B680AB903600D
:10E2C00000E0136000230B6010BD1C681A460CB1FF
:10E2D0002346F0E710BD38B505460C46FFF7E7FFCB
:10E2E000002323602846FFF7DAFF08B92C6038BD09
:10E2F000046038BD38B504460D46FFF7D8FF2368E3
:10E300002B60256038BD0368002013B101301B6805
:10E31000FBE7704700B10068704710B50446002164
:10E3200062884068FEF7F2FC23886288A0680021BA
:10E330005A43BDE81040FEF7E9BC10B54188002300
:10E340008B420CDA4268D418D25C32B901222270B6
:10E350000188826801FB032010BD0133F0E7002033
:10E3600010BD30B5826844880023A3420DDA8A428A
:10E3700007D14168CA5C0AB1013ACA544268D05C0C
:10E3800030BD058801332A44EFE7FF2030BD8268A5
:10E39000914208D34388008800FB032081422CBFB0
:10E3A0000020012070470020704700231A4610B556
:10E3B00041888A4205DA4468A45C04B90133013219
:10E3C000F7E7184610BD0023013A0160027143715E
:10E3D0008371704710B5427983790479D31A234049
:10E3E000A3421FBF0368995443795A1C1FBF037986
:10E3F00013404371012008BF002010BD837942798A
:10E400000179D21A0A421FBF0268D25C01330B4065
:10E410001ABF837110464FF0FF30704710B5013AB4
:10E420000A4491420CD20C784B78023103EB04235E
:10E430009BB2184480B298423CBF013080B2F0E7F2
:10E4400007D10B781B02184480B298423CBF0130C0
:10E4500080B210BD3A20F8F7FFB80620F8F7FCB8F4
:10E460001120F8F7F9B8030C80B2020A5BBA9BB22C
:10E4700042EA002043EA004070472DE9F843044691
:10E48000174602FB0108099D9DF82060994600236C
:10E490002B60F60844450DD2237843B1A01C4946B1
:10E4A0003246FEF727FB18B92C60BDE8F8832C60D4
:10E4B0003C44EFE72B68002B14BF01200220BDE88D
:10E4C000F88308B10023037070470B6883604B68C2
:10E4D000C360037A83F002030372704770B50024AF
:10E4E0002246065D0B5D02F108059E4204D101340F
:10E4F000102CEAB2F5D10CE011467340EAB21806CE
:10E5000006D40131C9B25B009142DBB2F7D100E021
:10E510000A46104670BDF9F725BC08B5F9F706FCA8
:10E5200018B1BDE80840F9F7F9BB08BD08B1FFF71D
:10E53000F1BE7047F9F7A4BDC369008B181A80B209
:10E540007047002380F820304382C160C26141617E
:10E550000283038043807047F8B500242546037882
:10E560004FF0FF325B2B08BF013003783A2B04D009
:10E570001BB15D2B01D02F2B12D12E0A0E550E1977
:10E580007570023473B35D2B2CD02F2B2AD04578B5
:10E590003A2D1DD1B2F1FF3F08BF2246013017E0EE
:10E5A000A3F13006F7B2092F0ED9A3F16106052EAB
:10E5B00002D8A3F1570607E0A3F14106052E01D9C1
:10E5C0000020F8BDA3F1370606EB0515ADB200E05B
:10E5D00000250E2C00F10100C7D91BB15D2B01D025
:10E5E0002F2BEDD10F2C0FD8531CE9D0101B8D18F9
:10E5F00010300844A21A2946FEF724FB28460021C1
:10E60000C4F11002FEF782FB0120F8BD10B50446EC
:10E61000F9F7A2FC40B1C369A34202D1F9F7E4FCC7
:10E62000F6E7FFF783FFF5E710BD70B505460E4628
:10E63000F9F792FC044690B12046F9F77DFC294693
:10E640001022FEF757FA30B9E369B34203D12046EE
:10E65000F9F7CAFCECE72046FFF768FFEAE770BD70
:10E660002DE9F041054608460F4690461E46F9F74B
:10E6700089FC044640B938465FFA88F13246F9F71A
:10E6800017FD044660B91DE0F9F756FC40B120467D
:10E69000F9F752FC31461022FEF72CFA0028EAD195
:10E6A000E5612B6A93F89B20FF2A16BFB3F8A630CA
:10E6B0004FF0FF335343A36194F8223023F001035A
:10E6C00084F822302046BDE8F0817F2806DD7F29CE
:10E6D00004DC01F58071081A10280AE0884205DD83
:10E6E000401A0F28CCBF00200120704705DA081A15
:10E6F0007028D4BF0020012070470020704730B53B
:10E700000C4685B00546B0B159B1037D0A7D9A42E9
:10E7100007D1D208FEF7EEF918B96A7D637D9A42F7
:10E7200017D068462946FAF7D5FE6846F9F7B8F8D3
:10E7300008B1F9F791F964B121466846FAF7CAFEC3
:10E740006846F9F7ADF8014618B968460122F9F7AD
:10E7500023F905B030BD2DE9F041802A86B004468A
:10E760008846174690F838602CD800F124055EB131
:10E770002B46EE4600F13C0C724618685968083387
:10E7800003C263459646F7D1002110222846FEF7C2
:10E79000BDFAFA1DD20828464146FEF7DDF94023AE
:10E7A00084F83930236A84F83870A28BB3F8A43027
:10E7B0009A4209D00EB9304600E068462946FFF774
:10E7C0009EFF01E0002000E0012006B0BDE8F081DE
:10E7D00038B50446D0F890000D4620B1F9F7ECFCAE
:10E7E0000023C4F890304DB128460021F9F71CFDF4
:10E7F000C4F89000003018BF012038BD012038BD9A
:10E8000010B504460846FAF77BFE18B10368A34228
:10E8100018BF002010BD10B504460846FAF770FE78
:10E8200038B1036823B11B6AA34218BF002010BD92
:10E83000184610BD2DE9F041C36805469A8B9F69C3
:10E84000B0F8A4309A4202D00868FAF7D7FE05F172
:10E85000100605F190080024464513D2737D7BB164
:10E86000B3696BB19A884FF6FF739A4208D034B1FE
:10E87000AB6820461B6931469847044600E03446A1
:10E880004036E9E7002C49D0E868A0421AD0FFF7EB
:10E89000BDFE94F83930E86803F0400303F0FF014F
:10E8A0001BB1243004F1240104E090F839305B06F8
:10E8B00002D52430FFF723FF0123A375EB68002264
:10E8C0009A75EC60AB6828469B699847AB68A0696D
:10E8D0005B6900219847A08317B1218A884201D241
:10E8E00020821EE04FF6FF7398420CD0226AB2F8E5
:10E8F000A230B3B1B2F8A4200B44B0FBF2F093FB0A
:10E90000F2F398420DDDE8680021FAF7CFFD95F8A3
:10E9100097301BB138460021FBF766FD0020BDE8AB
:10E92000F081A069B8421ED0FAF71EFE01462846C3
:10E93000FFF74EFF95F8973093B11FB1384600218D
:10E94000FBF752FD95F89630284613F0800F03F13F
:10E95000010308BF03F07F0385F8963000F0B6FB93
:10E96000284600F0A5FB2046BDE8F08138B50468D4
:10E970000546A369984200D0DBB94FF6FF73A38325
:10E98000A37DB3B1236AD3F8900028B1F9F714FC42
:10E99000236A0022C3F89020A3699D4209D128462A
:10E9A0000021FBF721FD2046BDE838400021FAF7A1
:10E9B0007DBD38BDFAF75CBE38B5837D04467BB1BA
:10E9C00000258575FFF722FE94F839305B0604D5E3
:10E9D00004F124002946FFF792FE2046FAF756FE7E
:10E9E0000023637538BD70B5836904469A420E46AC
:10E9F000154612D10021FAF759FD4FF6FF73A38394
:10EA0000A37D93B1236AD3F8900070B1F9F7D4FBDA
:10EA1000236A0022C3F8902007E0837D2BB11046C3
:10EA2000FAF7A2FD2146FFF700FE2E6070BD38B553
:10EA30000446FAF74DFE054630B92046FAF7A0FD28
:10EA4000054608B9002038BD05F1100405F1900312
:10EA50009C42F7D2617D71B920464022FEF756F9FB
:10EA6000012363754FF6FF73A3832382032325627B
:10EA7000E363204638BD4034EAE74FF6FF7370B5D4
:10EA80008A8806469A420D4608681BD0016AB1F88A
:10EA9000A2304BB1008AB1F8A4100344B2FBF1F2EA
:10EAA00093FBF1F39A420DDC012429463046FFF72F
:10EAB000C1FE054620B93046FAF7B0FE284670BDC3
:10EAC000204670BD2846FFF751FFF3689B699D42C1
:10EAD00001D0002070BD0024E7E72DE9F041064693
:10EAE000087E0D46FFF7A3FF044600287BD0076A87
:10EAF0003046FAF705FD20B1D0F80080B8F1000FDC
:10EB000009D1324620462946FAF754FD064670B927
:10EB10006075BDE8F08131464046FFF771FE06465C
:10EB2000002863D0404621463246FFF75CFF6B8ADF
:10EB3000B380288AFAF7DCFDBB6883421DD197F8C1
:10EB400097206B7D9A4218D1B7F8A2202B8C9A425D
:10EB500013D1B7F8A4206B8C9A420ED1B7F8982045
:10EB60006B8B9A4209D1B7F89A20AB8B9A4204D1A9
:10EB7000B7F8A620EB8B9A4206D03046FAF778FD1C
:10EB800000206075BDE8F081012363752B7D22466E
:10EB9000E374AB7D05F110012375EB7DA3742B4667
:10EBA00053F8040B8B4242F8040BF9D105F13C03F6
:10EBB00004F1240205F1540153F8040B8B4242F88E
:10EBC000040BF9D120463146FAF770FCBB680021EE
:10EBD0005B69304698473146A08320823846FFF76C
:10EBE0004CFF6B7E33732046BDE8F081B080FFDEC2
:10EBF0002DE9F8434B7D8046022B0D4640F079818C
:10EC0000087EFAF765FD0646B8B190F825303BB1AD
:10EC100000F11004204629461022FDF76BFFA8B131
:10EC200096F865401CB306F1500420462946102290
:10EC3000FDF760FF50B1002419E0404601212A464B
:10EC400000F079F9002868D1BDE8F883EF7D94F8E9
:10EC5000129038464946FFF738FD002840F0DF8023
:10EC600048463946FFF731FD002840F03981F36806
:10EC7000B6F8A420998B914203D1A34240F0398188
:10EC800009E044B9404601212A4600F054F9002821
:10EC900049D1BDE8F8836B8AB6F8A4209A4200F205
:10ECA00028814FF6FF72934204D1A37D13B1304601
:10ECB00000F0FEF995F8502042B195F851305B060E
:10ECC00004D5204605F13C01FFF745FDA28BB6F8BF
:10ECD000A4309A420CD14FF6FF736A8A9A4200F030
:10ECE000088196F89E30013386F89E30BDE8F8839F
:10ECF00096F8992096F898300327134407FA03F3FF
:10ED00004FF47A79B3FBF9F34046E36301212A46D5
:10ED100000F011F980B9BDE8F88340462946BDE806
:10ED2000F843FAF7EFBC40462946FFF7D6FE044603
:10ED30000028B0D1BDE8F8832B7D2046E374AB7D7D
:10ED40004146237596F8992096F8983013449F40D1
:10ED5000B7FBF9F7E763FFF753FD0746F0B9404605
:10ED6000FAF7CEFB20B1D0F80090B9F1000F08D12E
:10ED7000204629464246FAF71DFC0746C8B9BDE8B9
:10ED8000F88348464146FFF73BFD0746002844D03C
:10ED9000484621463A46FFF726FE0AE0BA886B8AC3
:10EDA0009A4206D1A37D23B196F89E30013386F8AE
:10EDB0009E306B8A3046BB807B7B394643F0010333
:10EDC0007B73FFF75AFE002800F09380A37D03B306
:10EDD000A3699F421DD196F89730B3B1F3689B6940
:10EDE0009F4212D1687E397BFFF76FFC68B196F8BD
:10EDF000963013F0800F03F1010301D103F07F037C
:10EE000086F89630304600F061F940460021F9F767
:10EE10000BFA6B7E3B73BDE8F883B880FFDEA28BF4
:10EE2000B6F8A4309A4209D1A77417F0800F07F101
:10EE3000010708BF07F07F07A77455E095F8502039
:10EE400042B195F85130590604D5204605F13C01F0
:10EE5000FFF781FC2046FAF719FCEB7D2046A374EE
:10EE6000AA7E236A83F89820EA7E236A83F8992091
:10EE70002A7F236A83F89A206A7F236A83F89B207B
:10EE8000EA8B236AA3F8A620236A9B681B6898472D
:10EE90004FF6FF73226A238292F89630294613F0C8
:10EEA000800F03F1010308BF03F07F0382F896305F
:10EEB00020464246FAF77EFB054620B94FF6FF731F
:10EEC000A383BDE8F883236A00219B685B699847A8
:10EED000A08320822946206ABDE8F843FFF7CDBD14
:10EEE000A37D002B3FF4C3AE3046BDE8F84300F0ED
:10EEF000DFB8BDE8F8834218D378405C43EA00638A
:10EF0000507843EA0043907843EA00207047130E9C
:10EF100043540144130C4B70130A8B70CA70704732
:10EF2000425C0144487840EA02207047130A435487
:10EF300001444A707047F7B505460F461646F8F784
:10EF4000F5FE044660B90F20FCF766F9224601463B
:10EF50000097019628460123F8F7B0FE044638B121
:10EF600004F114004FF41671FFF76DF90123637477
:10EF7000204603B0F0BD704700230370704738B5DA
:10EF80000C46054618B934B14FF4007009E0FAF7A1
:10EF9000C5FA18B9F7E74FF6FF7038BD408A04B9D3
:10EFA000AC88C4F57F43FF338342F4DB204480B256
:10EFB00038BD70B505460E461446FAF7AFFAD0B123
:10EFC000418A16B92402A2B203E0022E13D14FF4F3
:10EFD00020626B7B9C0741BF5A234B430A2101FBF4
:10EFE000023245BF6423B2FBF3F243F0020392B254
:10EFF00058BF6B73428270BDC37CCA7C9A4203D0F7
:10F00000002B08BF08467047027D0B7D9A4201D055
:10F0100006D97047828B8B8B9A4228BF084670476F
:10F0200008467047FF2907D07F2903DD00210A2207
:10F03000FFF7BFBF0131F9D07047F8B507460D465D
:10F040000668FAF76BFA20B1448ABB881C44A4B264
:10F0500001E04FF4C84415B94FF4C84308E028460E
:10F06000FAF75CFA0028F7D0428AAB8813449BB2C7
:10F07000B069874201D0854207D103F180029442F2
:10F0800003DAA3F18002944203DC9C4234BF384689
:10F090002846F8BD10B50446D0F85001FAF764FAD6
:10F0A000014620B12046BDE81040FBF779B810BDFD
:10F0B00090F8992090F89C10914206D9002180F890
:10F0C0009E1080F89C20FBF75DBC70474FF40071E8
:10F0D000FBF704BD0B6803604B684360704708B5DD
:10F0E0000822FDF707FDB0FA80F0400908BD30B5F1
:10F0F000B9B1B2B1CC684D68141B94FBF5F4621C35
:10F100000FD00122096823B102FA01F3015D0B431C
:10F1100004E0035D02FA01F123EA010303551046FE
:10F1200030BD002030BD10B504460846FBF7E4FDB5
:10F1300034B1431C06D06268E36802FB003010BDA6
:10F14000204610BD002010BD38B505460C462146AE
:10F150002846FBF701FEFFF7DDF801462846FFF7DA
:10F16000E2FF044628B128462146FBF70BFE0028A3
:10F17000EDD0204638BD38B505460846FBF7CCFD36
:10F1800035B1431C06D06C68EB6804FB003402E028
:10F190002C4600E0002428462146FBF7F3FD00281A
:10F1A00014BF2046002038BD08B5FBF7D5FD00B1DF
:10F1B000043008BD016801F18200A031FBF7DEBF19
:10F1C000036803EB4101B1F88200704710B510B33A
:10F1D000037A022B07D1C4790379C4B1B3FA83F35C
:10F1E00000245B0913E00378022B0ED003792BB9BE
:10F1F000447A14F0030418BF012400E00024C3790A
:10F2000013F0030318BF012301E000231C4601B1E2
:10F210000C6002B1136010BD37B504460D460846B8
:10F2200006220021FDF772FD637DD9075CBF012333
:10F230002B70237E012B0DD8E37D9A0708D0637EC7
:10F240009B0705D0E28BA38B9A4201D1012300E0FA
:10F250000023237504F11000694601AAFFF7B6FFE9
:10F26000009B0BB10223EB70019B0BB102236B706F
:10F27000E37D03F00303022B03D0032B0CBF082311
:10F280000023AB70637E03F00303022B03D0032B38
:10F290000CBF082300232B7103B030BD02280CBF24
:10F2A000022308230B448B4205D013F8012DFF2ABB
:10F2B000F9D0002070470120704707B56946FFF775
:10F2C000ABFF9DF800009DF80130023018449DF816
:10F2D00002309DF8032018449DF804301044034484
:10F2E0009DF80500184403B05DF804FB73B50446AF
:10F2F0000D466946FFF790FFA37C627C03F0010393
:10F300001B0102F0010243EAC202237C03F007035F
:10F3100042EA0301E37C03F0010341EA4312237D47
:10F3200003F0010342EA83132B70617D607EA27DAE
:10F33000E37D01F0010102F0010241EA801003F0D7
:10F34000030340EA420141EA8302237E03F0030300
:10F3500042EA03136B709DF80030012B02BFA37EBD
:10F360000322AB709DF8013018BF0222022B08D196
:10F37000A18B531CA954A18BDBB20232090AD2B271
:10F38000E9549DF8026031469319DBB2581AC0B2B5
:10F3900019B10139635C2B54F6E79DF80320022A6A
:10F3A00008D1E18B5A1CE954E18BD2B20233090A2D
:10F3B000DBB2A9549DF8046032469819C0B2811A94
:10F3C000C9B222B1013AA018007A6854F5E702B038
:10F3D00070BD30B591B0FBF741FE0446FBF72CFE43
:10F3E0006A4601462046FCF773F9044610B94FF00F
:10F3F000FF3036E0FBF700FE0028F8D00E209DF825
:10F400001010FBF7EFFE9DF81730ABB1BDF81C50A4
:10F41000FCF758F9854205D04FF6FF73BDF81C2064
:10F420009A42E4D19DF817006946FFF737FF18B9F3
:10F4300010206946FBF7E4FE02A90F20FBF7E0FE6F
:10F440000D209DF81210FBF7CDFE9DF815300A2017
:10F4500013B99DF81A1001E04FF6FF71FBF7C2FED9
:10F46000204611B030BD0120FCF7ECB90020FCF7BC
:10F47000E9B910B5044630B1084611461A4623468C
:10F48000BDE81040184710BD00207047FCF7BABA1D
:10F4900070B504460D4652B150681668FBF718FF68
:10F4A00020462946FCF7B4FA08B13246F3E770BDAE
:10F4B000FCF7AEBA704708B518B10120F3F746FE65
:10F4C00002E00120F3F74AFE012008BD08B518B19B
:10F4D0000420F3F73BFE02E00420F3F73FFE012097
:10F4E00008BD08B518B10220F3F730FE02E0022093
:10F4F000F3F734FE012008BD08B5FEF767FD00F004
:10F50000010008BD08B5FEF761FDC0F3800008BD2D
:10F5100008B5FEF75BFDC0F3400008BD10B50388D9
:10F5200004460BB9FCF7A4FF00232380032010BD81
:10F5300040FA20002D092000C1082000ABDB20008C
:10F54000B7DD2000CDDA2000EFDA200007DB200055
:10F5500015DB200069DD200083DD20002FDB20008B
:10F560003FDB20004DDB20006FDB20008BDB200029
:10F5700093DB20004FDC200093DD2000A5DD200080
:10F58000E3DB200089DA2000AFDA2000CFDD2000A5
:10F59000411120004500000041000000440000002F
:10F5A00042000000430000008000000081000000D5
:10F5B000820000008300000084000000850000003D
:10F5C000860000008D0000008F000000A0000000F9
:10F5D000A1000000A2000000A3000000A4000000A1
:10F5E000A500000000000000010000000200000073
:10F5F00003000000150000001600000017000000C6
:10F6000018000000190000001A0000002800000087
:10F61000290000002A0000002B0000002C00000040
:10F620002D0000002E0000002F0000003000000020
:10F630003100000032000000330000001D022100F4
:10F640000000000079342000000000001D022100AD
:10F650000000000009352000000000001D0221000C
:10F6600000000000A9342000000000001D0221005D
:10F6700000000000D9342000000000001D0221001D
:10F6800000000000393520000000000024022100A5
:10F69000D9352000FD35200065E02000280221003A
:10F6A0005136200065362000793620000100000028
:10F6B000010000000100000000C0004000410D40BA
:10F6C00000000000080000002C0000000000000105
:10F6D000FFFFFFFF05000000020000000200000025
:10F6E0000200000000D0004008410D400200000070
:10F6F000080000002C000000FFFFFFFF01000303D3
:10F7000006000000DD422000C53F20002940200007
:10F71000A3E0200001422000453E2000813E200061
:10F72000993E2000993D2000C53D2000A93E2000C3
:10F73000CD402000A1412000D14120000700000061
:10F74000FF00000005000000ED00000003000000C5
:10F75000D500000001000000C5000000000000000E
:10F76000B6000000FFFFFFFFB0000000FDFFFFFF3D
:10F77000A1000000FBFFFFFF91000000F9FFFFFF69
:10F7800088000000F7FFFFFF72000000F5FFFFFF99
:10F7900062000000F3FFFFFF58000000F1FFFFFFD1
:10F7A00042000000E8FFFFFF000000003F022100D0
:10F7B0000DE1200005E1200009E1200053022100B5
:10F7C00049E1200041E1200045E12000EE02210056
:10F7D00071562000B56020004303210009B52000C8
:10F7E000BDB3200001B3200019B3200025B32000D1
:10F7F00031B320006DF4200067F42000D3F3200023
:10F80000480321008DF42000B1F4200091F4200081
:10F8100041BB200005BA200029BB200089F420004C
:10F8200050032100B5F42000A1BB200095BB2000AF
:10F83000140A0020000000000020202020202020AA
:10F840002020282828282820202020202020202090
:10F8500020202020202020202088101010101010A0
:10F8600010101010101010101004040404040404EC
:10F870000404041010101010101041414141414186
:10F880000101010101010101010101010101010168
:10F890000101010110101010101042424242424278
:10F8A0000202020202020202020202020202020238
:10F8B00002020202101010102000000000000000E0
:10F8C0000000000000000000000000000000000038
:10F8D0000000000000000000000000000000000028
:10F8E0000000000000000000000000000000000018
:10F8F0000000000000000000000000000000000008
:10F9000000000000000000000000000000000000F7
:10F9100000000000000000000000000000000000E7
:10F9200000000000000000000000000000000000D7
:10F930000000000000000000000000004300000084
:10F9400053657269616C697A656420686561646594
:10F9500072206578636565647320434F41505F4D45
:10F9600041585F4845414445525F53495A45004319
:10F970006F41502076657273696F6E206D75737478
:10F98000206265203100546F6B656E204C656E6798
:10F990007468206D757374206E6F74206265206DBD
:10F9A0006F7265207468616E203800546869732036
:10F9B0006973206120636F6E73747261696E656430
:10F9C000207365727665722028436F6E74696B6967
:10F9D0002900556E737570706F7274656420637260
:10F9E00069746963616C206F7074696F6E002E7743
:10F9F000656C6C2D6B6E6F776E2F636F7265004E4A
:10FA00006F426C6F636B31537570706F727400422C
:10FA10006C6F636B4F75744F6653636F7065004E08
:10FA20006F5365727669636543616C6C62636B00EA
:10FA30004E6F467265655472614275666665720006
:10FA4000436F41502D313800436F415020456E6760
:10FA5000696E6500546F6F4D616E794F62736572A8
:10FA6000766572730068726566002573004E6F508C
:10FA700061796C6F6164004D6573736167652074B3
:10FA80006F20626967005245535420456E67696E66
:10FA90006500436F41502073657276657220737400
:10FAA000617274656400256C640025642E25750000
:10FAB00025642E253032750025642E2530337500DF
:10FAC0003A3A002578003B706D696E3D222575221B
:10FAD000003B706D61783D22257522003B73743DBB
:10FAE00022003B6C743D22003B67743D22003C2F9A
:10FAF00025733E0041637469766174696E672025E1
:10FB00007320746F2025730A0052656D6F7665202F
:10FB100062696E64696E67206F6620257320746F5A
:10FB20002025730A005761726E696E673A207075FE
:10FB3000736820626C6F636B207472616E736665AC
:10FB400072206E6F742079657420696D706C656DBC
:10FB5000656E7465642C206F6666736574203A2048
:10FB6000256C640A00536572766572206E6F74208E
:10FB7000726573706F6E64696E6700436F756C6455
:10FB8000206E6F7420616C6C6F6361746520747299
:10FB9000616E73616374696F6E206275666665720B
:10FBA00000436F41502070757368207374617274E4
:10FBB00065640050757368696E6720257320746FE3
:10FBC0002025730A00436F41502050757368007000
:10FBD0006D696E00506D696E20697320696E766183
:10FBE0006C696400706D617800506D617820697394
:10FBF00020696E76616C6964007374004368616E9D
:10FC00006765205374657020697320696E76616C36
:10FC10006964006C74004C657373205468616E20D5
:10FC2000697320696E76616C69640067740047725D
:10FC30006561746572205468616E20697320696E15
:10FC400076616C696400496E76616C6964206669EE
:10FC50006C746572206465746563746564005061DA
:10FC60007273696E67206661696C656400436F61D9
:10FC7000702042696E64696E6700526571756573C4
:10FC800074696E67202575206279746573206174CC
:10FC90002025640A00496E76616C6964206F66668F
:10FCA0007365742025640A00524420636C69656E94
:10FCB00074207374617274656400253032783A255B
:10FCC0003032783A253032783A253032783A253059
:10FCD00032783A253032783A253032783A25303247
:10FCE00078005265676973746572696E6720746F16
:10FCF000200020256420776974682025730A00722B
:10FD0000640065703D257326623D55266C743D2563
:10FD1000640055706461746520656E64706F696E0F
:10FD2000742025730A005570646174656400556E13
:10FD30006B6E6F776E20726573706F6E7365206384
:10FD40006F6465203A2025640A0054696D656F75FB
:10FD500074206F72206572726F7220737461747593
:10FD60007300526567697374726174696F6E206E97
:10FD7000616D653A2025730A004C6F636174696F89
:10FD80006E2D70617468206D697373696E67002CE5
:10FD900000524420436C69656E7400256C750055F3
:10FDA0006E737570706F72746564207265736F75B1
:10FDB00072636520747970652025640A0064657635
:10FDC000006465762F6D6667006465762F6D646CE0
:10FDD000006465762F6D646C2F6877006465762FFC
:10FDE0006D646C2F7377006465762F7365720064A1
:10FDF00065762F74696D65006465762F757074691A
:10FE00006D65006366672F737461636B2F7068792B
:10FE1000006366672F737461636B2F6D61630063AA
:10FE200066672F737461636B2F6E6574006366671A
:10FE30002F737461636B2F727467005449004343DE
:10FE400032353338444B006D6F64656C00436F6E20
:10FE500074696B692D646576656C6F702D32303115
:10FE600036313232320073657269616C003B69660B
:10FE70003D22636F72652E62223B72743D2269706F
:10FE8000736F2E646576223B63743D3430203000FE
:10FE90003B69663D22636F72652E73223B72743D2F
:10FEA000226970736F2E6465762E757074696D6546
:10FEB000223B63743D30003B69663D22636F72658F
:10FEC0002E7270223B72743D226970736F2E6465CE
:10FED000762E74696D65223B63743D30003B696624
:10FEE0003D22636F72652E7270223B72743D2269EF
:10FEF00070736F2E6465762E736572223B63743D5A
:10FF000030003B69663D22636F72652E7270223B42
:10FF100072743D226970736F2E6465762E6D646C09
:10FF20002E7377223B63743D30003B69663D22634C
:10FF30006F72652E7270223B72743D226970736F0E
:10FF40002E6465762E6D646C2E6877223B63743D5B
:10FF500030003B69663D22636F72652E7270223BF2
:10FF600072743D226970736F2E6465762E6D646CB9
:10FF7000223B63743D30003B69663D22636F7265CE
:10FF80002E7270223B72743D226970736F2E64650D
:10FF9000762E6D6667223B63743D30003830322E1A
:10FFA00031352E340052504C003B69663D22636F60
:10FFB00072652E7270223B72743D226970736F2ECF
:10FFC0006366672E737461636B2E727467223B6382
:10FFD000743D30003B69663D22636F72652E72701E
:10FFE000223B72743D226970736F2E6366672E73B5
:10FFF0007461636B2E6E6574223B63743D30003B0D
:020000040021D9
:1000000069663D22636F72652E7270223B72743D89
:10001000226970736F2E6366672E737461636B2E33
:100020006D6163223B63743D30003B69663D226332
:100030006F72652E7270223B72743D226970736F0D
:100040002E6366672E737461636B2E706879223B32
:1000500063743D3000556E6B6E6F776E2072657302
:100060006F75726365272573270A00506172736983
:100070006E67206661696C65642061742025642068
:100080002827257327290A004D657373616765204A
:10009000696E76616C696400546F6F206D616E7972
:1000A000206C696E6B003B69663D22636F72652E42
:1000B0006C62223B63743D34302030003C636F61DE
:1000C000703A2F2F5B005D003A2564002F25733EA8
:1000D0003B72656C3D22626F756E64746F223B618A
:1000E0006E63686F723D222F2573223B62696E64D6
:1000F0003D227075736822003B73743D2225752282
:10010000003B6C743D22256422003B67743D222530
:100110006422003C636F61703A2F2F0072656C009F
:10012000626F756E64746F0062696E6400707573DF
:1001300068004D697373696E672072656C617469DC
:100140006F6E0057726F6E67206F72206D697373E8
:10015000696E672062696E64696E67206D65746898
:100160006F640057726F6E67206F72206D697373D2
:10017000696E6720616E63686F7200546F6F206DE7
:10018000616E792062696E64696E6700626E6400F8
:100190003B69663D22636F72652E626E64223B632B
:1001A000743D343000544920536D617274524630AE
:1001B00036202B20636332353338454D00204E65A1
:1001C000743A2000204D41433A2000205244433AE3
:1001D0002000204368616E6E656C3A20002050411B
:1001E0004E2D49443A200025780A0052696D652059
:1001F000636F6E66696775726564207769746820DD
:10020000616464726573732000253032783A00258A
:100210003032780A0053656E736F727300427574E2
:10022000746F6E00414C5300526164696F006363E8
:100230003235333820524620647269766572004F39
:100240006E2D436869702054656D706572617475B8
:100250007265005644443300303030303030303036
:100260003030303030303030303132333435363772
:100270003839414243444546003031323334353613
:100280003738396162636465660030780030580041
:100290002D002B00286E756C6C2900250020202075
:1002A000202020202020202020202020204374698E
:1002B0006D65722070726F63657373004576656E4D
:1002C000742074696D65720053657269616C206495
:1002D000726976657200AAAA000000000000FF02A1
:1002E000000140FF0F282220FE800F252321736983
:1002F00063736C6F7770616E000088828054435026
:100300002F495020737461636B00284E554C4C206C
:100310004950206164647229003A3A464646463A9A
:1003200025752E25752E25752E257500284E554CC4
:100330004C204C4C206164647229000000000000D5
:1003400000000043534D41006E756C6C7264630095
:100350006E756C6C736563002530347800256420FD
:100360007C20007C256400526573706F6E7365207D
:1003700066726F6D20746865207365727665723A77
:1003800020272573270A0055445020636C69656E49
:10039000742070726F63657373003C68746D6C3E9B
:1003A0003C686561643E3C7469746C653E436F6E85
:1003B00074696B69205765622053656E73653C2FC5
:1003C0007469746C653E3C2F686561643E3C626F85
:1003D00064793E0A002F696E646578003C68313E9E
:1003E00057656273656E73653C2F68313E0A005431
:1003F00075726E6564206F6666206C65647321009B
:100400005475726E6564206F6E206C656473210094
:100410003C2F626F64793E3C2F68746D6C3E0A001D
:10042000576562207365727665720053656E7365F9
:10043000205765622044656D6F002F696E64657892
:100440002E68746D6C00485454502F312E30203477
:100450003034204E6F7420666F756E640D0A5365DC
:10046000727665723A20436F6E74696B692F322E13
:100470003420687474703A2F2F7777772E736963FE
:10048000732E73652F636F6E74696B692F0D0A434A
:100490006F6E6E656374696F6E3A20636C6F73651F
:1004A0000D0A00485454502F312E30203230302065
:1004B0004F4B0D0A5365727665723A20436F6E7426
:1004C000696B692F322E3420687474703A2F2F773D
:1004D00077772E736963732E73652F636F6E7469FC
:1004E0006B692F0D0A436F6E6E656374696F6E3AA8
:1004F00020636C6F73650D0A00436F6E74656E74D4
:100500002D747970653A20746578742F68746D6CF9
:100510000D0A0D0A002F6E6F74666F756E642E687B
:10052000746D6C003C68746D6C3E3C626F64792045
:100530006267636F6C6F723D227768697465223EF3
:100540003C63656E7465723E3C68313E34303420E5
:100550002D2066696C65206E6F7420666F756E6401
:100560003C2F68313E3C2F63656E7465723E3C2FB4
:10057000626F64793E3C2F68746D6C3E0047455451
:10058000200073746174650073656E2F7261646915
:100590006F2F6C71690073656E2F726164696F2FC4
:1005A00072737369006770696F2F62746E2F300009
:1005B0006C742F722F6F6E006C742F672F6F6E002C
:1005C0006C742F622F6F6E003B69663D22636F7201
:1005D000652E61223B72743D226970736F2E6C74BC
:1005E0002E6F6E223B63743D30003B69663D226393
:1005F0006F72652E73223B72743D226970736F2E89
:100600006770696F2E62746E223B63743D30003BED
:1006100069663D22636F72652E73223B72743D22C0
:100620007563756D3A64426D223B63743D30003BE7
:1006300069663D22636F72652E73223B72743D22A0
:100640007563756D3A25223B63743D3000364C422C
:07065000522044656D6F00AC
:10065800000000002C03002094030020FC0300206D
:100668000000000000000000000000000000000082
:100678000000000000000000000000000000000072
:10068800000000003CF9200000000000000000000D
:100698000000000000000000000000000000000052
:1006A8000000000000000000000000000000000042
:1006B8000000000000000000000000000000000032
:1006C8000000000000000000000000000000000022
:1006D8000000000000000000000000000000000012
:1006E8000000000000000000000000000000000002
:1006F80000000000000000000100000000000000F1
:100708000E33CDAB34126DE6ECDE05000B000000B5
:1007180000000000000000000000000000000000D1
:1007280000000000000000000000000000000000C1
:1007380000000000000000000000000000000000B1
:1007480000000000000000000000000000000000A1
:100758000000000000000000000000000000000091
:100768000000000000000000000000000000000081
:100778000000000000000000000000000000000071
:100788000000000000000000000000000000000061
:100798000000000000000000000000000000000051
:1007A8000000000000000000000000000000000041
:1007B8000000000000000000000000000000000031
:1007C8000000000000000000000000000000000021
:1007D8000000000000000000000000000000000011
:1007E8000000000000000000000000000000000001
:1007F80000000000000000000000000000000000F1
:1008080000000000000000000000000000000000E0
:1008180000000000000000000000000000000000D0
:1008280000000000000000000000000000000000C0
:1008380000000000000000000000000000000000B0
:1008480000000000000000000000000000000000A0
:100858000000000000000000000000000000000090
:100868000000000000000000000000000000000080
:100878000000000000000000000000000000000070
:100888000000000000000000000000000000000060
:100898000000000000000000000000000000000050
:1008A8000000000000000000000000000000000040
:1008B8000000000000000000000000000000000030
:1008C8000000000000000000000000000000000020
:1008D8000000000000000000000000000000000010
:1008E8000000000000000000000000000000000000
:1008F80000000000000000000000000000000000F0
:1009080000000000000000000000000000000000DF
:1009180000000000000000000000000000000000CF
:1009280000000000000000000000000000000000BF
:1009380000000000000000000000000000000000AF
:10094800000000000000000000000000000000009F
:10095800000000000000000000000000000000008F
:10096800000000000000000000000000000000007F
:10097800000000000000000000000000000000006F
:10098800000000000000000000000000000000005F
:10099800000000000000000000000000000000004F
:1009A800000000000000000000000000000000003F
:1009B800000000000000000000000000000000002F
:1009C800000000000000000000000000000000001F
:1009D800000000000000000000000000000000000F
:1009E80000000000000000000000000000000000FF
:1009F80000000000000000000000000000000000EF
:100A080000000000000000000000000000000000DE
:100A180000000000000000000000000000000000CE
:100A280000000000000000000000000000000000BE
:100A380000000000000000000000000000000000AE
:100A4800000000000000000000000000000000009E
:100A5800000000000000000000000000000000008E
:100A6800000000000000000000000000000000007E
:100A780000000000000000008603210000000000C4
:100A880048FA2000CD08200000000000BC00040047
:100A9800D7290020A80B002054000300DB290020E0
:100AA800980E002000000000000000000000000078
:100AB8009F012100551220000000000000000000E6
:100AC80000000000000000000000000086FA20007E
:100AD800BD1520000000000000000000C5FB20003C
:100AE800E51B20000000000001010200E52B0020AA
:100AF800E3290020000000006DFC2000592220009E
:100B0800000000008FFD20000000000091FD200083
:100B180049232000000000007526200091262000AF
:100B28009D2620007FDF200083DF20008FDF20004C
:100B380093DF20000000000000000000000000001B
:100B48002AFF2000AD28200000000000000000005F
:100B5800000000000000000000000000000000008D
:100B680000000000DDFE20000D292000000000002C
:100B780000000000000000000000000088050020C0
:100B8800F4050020240500203C060020480500202C
:100B9800D0050020AC050020000000000000000087
:100BA8000000000077FF20004D2820000000000012
:100BB800000000000000000000000000000000002D
:100BC800000000000000000090FE200071292000B5
:100BD800000000000000000000000000000000000D
:100BE800000000000000000000000000B7FE200028
:100BF8003D29200000000000000000000000000067
:100C080000000000000000000000000000000000DC
:100C180052FF20007D282000000000000000000096
:100C280000000000000000000000000000000000BC
:100C3800000000006DFE2000A52920000000000033
:100C4800000000000000000000000000000000009C
:100C5800000000000000000002FF2000DD28200046
:100C6800000000000000000000000000000000007C
:100C7800000000000000000000000000FFFF20004E
:100C8800112A200000000000000000000000000001
:100C9800000000000000000000000000000000004C
:100CA800D4FF2000412A20000000000000000000BE
:100CB800000000000000000000000000000000002C
:100CC80000000000A9FF2000712A20000000000099
:100CD800000000000000000000000000000000000C
:100CE80000000000000000002A002100E129200087
:100CF80000000000000000000000000000000000EC
:100D0800000000000000000000000000A600210014
:100D1800C92A2000712B200000000000A12A200011
:100D280000000000000000000000000000000000BB
:100D380090012100C52C20009D2E200000000000FD
:100D4800812C20000000000068000200352F0020E0
:100D58009811002000000000150221006D332000CA
:100D6800000000003CF620005CF620006CF6200035
:100D78004CF620007CF620008CF62000ACF7200012
:100D8800BCF720009CF620000000000000000000D6
:100D98002E022100A94320000000000073E120007A
:100DA8000000000000000000AD022100C54E200038
:100DB8000000000000000000BC022100B15020002B
:100DC8000000000000000000C80221009D5420001F
:100DD80000000000C80700200000000028000000F4
:100DE800000000008C160020200002009C37002024
:100DF800AC190020000000000800000000000000FE
:100E0800F4190020E407002028001800B637002055
:100E1800981A0020080018009E370020581E00204D
:100E28000000000080FF0000D583200000000000C3
:100E380081FF0000ED8220000000000087FF000015
:100E4800E18820000000000088FF00000D872000D6
:100E580000000000FD0221001590200000000000A5
:100E680054080020000000001000000000000000EE
:100E7800901F0020000000009B030000299E200016
:100E8800000000009B0000008DA32000000000006F
:100E98009B02000081A42000000000009B010000CC
:100EA800F19E200077EF2000B3EF200025F020000E
:100EB8003BF02000F9EF20007FEF200079EF2000C1
:100EC800010000000C001400D13700202821002068
:100ED8000400050013380020BC220020B0000500E3
:100EE8000E380020622600200C0005001E38002065
:100EF8000C2300200C00050019380020D022002007
:100F080038000200233800204C2300200000000095
:100F18008703210035BC200000000000800200008B
:100F2800000000002B042100F9BD20000000000093
:100F380000000000200421003DBE20000000000049
:100F480014010200B9390020F82300200000000035
:100F58000000000000000000C80521004DC320006B
:100F680000000000E1C220000000000000000000B6
:100F7800000000000000000000000000C80521007B
:100F880081C320000000000005C32000000000000D
:100F98000000000000000000000000000000000049
:100FA800C8052100B5C320000000000029C32000A7
:100FB8000000000000000000000000000000000029
:100FC800000000000F06210075C22000000000008C
:100FD8000000000000000000000000000000000009
:100FE80000000000000000002F06210039C2200088
:100FF80000000000000000000000000000000000E9
:10100800000000000000000000000000EA052100C8
:10101800A5C2200000000000000000000000000041
:1010280000000000000000004D0621001DF5200012
:101038000000000038F8200040000020CDABB80BBD
:021048001AF09C
:08104C00F0B4FF7F0100000079
:020000040027D3
:10FFD400FFFFFFF30000000000002000FFFFFFFF11
:10FFE400FFFFFFFFFFFFFFFFFFFFFFFFFFFFFFFF1D
:0CFFF400FFFFFFFFFFFFFFFFFFFFFFFF0D
:040000050027FFD4FD
:00000001FF
